11.03695,51.00365, McDonald's, D-Erfurt,,
8.42355,49.47609, McDonald's, D-Ludwigshafen, Bruchwiesenstr. 295,
9.79017,48.64592, McDonald's, D-Kuchen, Gewerbepark 9,
8.66503,52.13208, McDonald's, D-Herford, Bünder Str. 104,
12.33413,48.45441, McDonald's, D-Vilsbiburg, Ohmstr. 1,
7.20696,50.80014, McDonald's, D-Siegburg, Kaiserstr. 60,
11.56362,48.28395, McDonald's, D-Unterschleißheim, Max-Planck-Str. 19,
11.08813,53.09161, McDonald's, D-Dannenberg, Develangring 73,
9.01842,48.78482, McDonald's, D-Leonberg, Leonberg Neue Ramtelstr. 9,
8.42896,49.33921, McDonald's, D-Speyer, Wormser Landstr. 196,
6.79171,50.65848, McDonald's, D-Euskirchen,,
11.57576,49.94401, McDonald's, D-Bayreuth, Maximilianstr. 23,
8.39471,49.03324, McDonald's, D-Karlsruhe, Linkenheimer Landstr.,
11.42697,47.90029, McDonald's, D-Wolfratshausen, Pfaffenrieder Strasse 28,
10.23905,51.51632, McDonald's, D-Duderstadt, Brandenburger Str. 1,
8.48024,51.97994, McDonald's, D-Bielefeld, Im Brocke 43,
10.20762,53.47997, McDonald's, D-Hamburg-Bergedorf, Lehfeld 2,
10.42538,48.5579, McDonald's, D-Lauingen, Werner-Von-Siemens-Str. 4,
9.42065,51.02963, McDonald's, D-Homberg-Efze, Hersfelder Str. 27,
6.92201,51.18917, McDonald's, D-Hilden, Giesenheide 400,
14.27102,53.06489, McDonald's, D-Schwedt, Handelsstr. 1b,
12.13661,50.49538, McDonald's, D-Plauen, Klostermarkt,
9.97181,52.3874, McDonald's, D-Lehrte, Burgdorfer Str. 106,
12.89694,48.78866, McDonald's, D-Plattling, Dr. -Walter-Bruch-Str.,
8.93183,50.14196, McDonald's, D-Hanau, Lamboystr. 32,
9.19191,52.30996, McDonald's, D-Stadthagen, Stockfeldstr.,
14.96868,51.16839, McDonald's, D-Görlitz, Laubaner Str.,
6.12937,51.78083, McDonald's, D-Kleve, Hofmann Allee 21,
10.04788,49.1426, McDonald's, D-Crailsheim, Haller Str. 94 (An Der B 14),
7.09798,50.73598, McDonald's, D-Bonn, Friedensplatz 4,
8.60627,50.10004, McDonald's, D-Frankfurt, Mainzer Landstr. 533,
10.24438,49.17298, McDonald's, D-Schnelldorf-Hilpertsweiler, Autohof An Der A7,
6.83075,51.52234, McDonald's, D-Oberhausen, Weierstr. 114,
8.10499,51.57788, McDonald's, D-Soest,,
7.56127,51.45412, McDonald's, D-Schwerte, Osthellweg 3,
7.47048,51.51431, McDonald's, D-Dortmund, Ostenhellweg 37,
7.02926,50.71454, McDonald's, D-Alfter,,
6.96303,50.62522, McDonald's, D-Rheinbach, Eulenbach 2,
9.52696,48.80691, McDonald's, D-Schorndorf,,
8.59704,49.90119, McDonald's, D-Weiterstadt, Rudolf-Diesel-Straße 1,
9.25472,48.76347, McDonald's, D-Stuttgart, Heiligenwiesen 31/B 10,
12.15422,49.6655, McDonald's, D-92637 Weiden, Dr.-Seeling Strasse 11A,
9.17168,49.96504, McDonald's, D-Aschaffenburg, Würzburger/Berliner Allee 1,
13.36436,52.56063, McDonald's, D-Berlin, Markstr. 16,
11.58423,48.50812, McDonald's, D-Schweitenkirchen, An Der A9,
13.33887,52.50315, McDonald's, D-Berlin,,
13.42485,52.48637, McDonald's, D-Berlin, Hermannplatz 2-3,
6.79559,51.22418, McDonald's, D-Düsseldorf, Worringer Str. 95,
10.23284,50.03375, McDonald's, D-Schweinfurt, Robert-Bosch-Str. 3,
9.38472,48.87193, McDonald's, D-Winnenden, Max-Eyth-Str. 29,
6.99079,49.23963, McDonald's, D-Saarbrücken, Saar-Galerie,
10.90428,48.36547, McDonald's, D-Augsburg, Forsterstr.,
11.44639,50.11327, McDonald's, D-Kulmbach, Saalfelder Str. 4,
7.6625,47.61328, McDonald's, D-Lörrach,,
8.5372,50.53898, McDonald's, D-Wetzlar, Forsthausstr.,
11.56326,48.16106, McDonald's, D-München, Hohenzollernstr. 152,
13.3691,52.52532, McDonald's, D-Berlin, Berlin Hauptbahnhof,
6.96797,51.65818, McDonald's, D-Dorsten, Europaplatz 1,
7.22702,50.63082, McDonald's (McDrive), D-Bad Honnef,,
11.68975,47.88678, McDonald's, D-Holzkirchen, Heignkamer Str. 2,
13.33283,50.89589, McDonald's, D-Freiberg, Häusersteig 8a,
7.46028,51.54527, McDonald's, D-Dortmund, Evinger Str. 154,
10.92024,49.88393, McDonald's (McDrive), D-Bamberg,,
10.46915,49.76861, McDonald's, D-Geiselwind, Schwarzenberger Weg,
8.68899,50.57257, McDonald's, D-Gießen, Schiffenberker Weg,
8.7464,50.13948, McDonald's, D-Frankfurt, Borsigallee 33,
9.72367,52.44186, McDonald's, D-Langenhagen, Westfalenstr.,
6.76545,51.27857, McDonald's, D-Düsseldorf, Flughafen-Im Terminal C,
8.71474,53.85162, McDonald's, D-Cuxhaven, Papenstr. 145-147,
9.97821,53.10067, McDonald's, D-Bispingen, Horstfeldweg 3,
6.60779,51.09567, McDonald's, D-Grevenbroich, An Der Zuckerfabrik 2,
11.56292,48.14906, McDonald's, D-München, Augustenstr. 53,
7.21252,51.23565, McDonald's, D-Wuppertal, Erbschlöerstr. 164,
7.66013,51.61786, McDonald's, D-Bergkamen, Werner Str. 123,
6.44292,51.81835, McDonald's, D-Isselburg, Dekkers Waide 1a,
12.97757,52.5406, McDonald's, D-Wustermark, Demex-Park/Nauener Str.,
7.85103,53.01479, McDonald's, D-Friesoythe, Huntestr. 2,
8.55632,49.51958, McDonald's, D-Mannheim, Spreewaldallee 38-40 (Walmart),
7.32772,52.49751, McDonald's, D-Lingen, Zum Heidhof 22,
9.11567,49.33759, McDonald's, D-Mosbach, An Der B27,
8.63934,49.87149, McDonald's, D-Darmstadt, Rheinstr. 69,
9.86145,52.38093, McDonald's, D-Hannover, Kreisstr. 2,
12.10004,49.01456, McDonald's, D-Regensburg, Maximilianstr. 29,
11.24896,48.19431, McDonald's, D-Fürstenfeldbruck, Hasenheide 1a,
6.95389,51.43694, McDonald's, D-Mülheim/Ruhr, Humboldring 13,
13.46819,52.54688, McDonald's, D-Berlin, Hansastr. 1,
13.47665,52.5136, McDonald's, D-Berlin,,
6.72442,49.80469, McDonald's, D-Kenn,,
7.59937,52.09354, McDonald's, D-Greven, Alte Bahnhofstr. 9,
10.07708,50.18666, McDonald's, D-Bad Kissingen, Würzburgerstr. 2,
8.43439,50.00891, McDonald's, D-Raunheim, Im Walmart-Center,
10.18351,48.95655, McDonald's (McDrive), D-Ellwangen (Jagst),,
8.06994,52.2625, McDonald's, D-Osnabrück, Hannoversche Str. 45,
10.73458,53.70022, McDonald's, D-Ratzeburg, Am Rackerschlag,
6.21157,51.32775, McDonald's, D-Nettetal, An Der Landwehr 8,
10.88682,48.36634, McDonald's, D-Augsburg, Viktoriastr. 2,
6.44322,51.16619, McDonald's, D-Rheydt, Stresemannstr. 28-30 (Marienplatz),
13.36628,52.47581, McDonald's, D-Berlin,,
12.29137,51.32023, McDonald's, D-Leipzig,,
11.34303,49.38176, McDonald's, D-Altdorf, Prackenfelser Str. 14,
9.12082,53.90027, McDonald's, D-Brunsbüttel, Olof-Palme-Allee,
6.9223,49.42873, McDonald's, D-Lebach, Auf Dem Graben 8,
8.29407,50.48148, McDonald's, D-Weilburg, Viehweg 10,
12.39603,50.49396, McDonald's, D-Auerbach, Göltzschtalstr. 79,
6.87731,50.93788, McDonald's, D-Köln, Aachener Str. 752,
7.00183,51.05612, McDonald's, D-Leverkusen, Kölner Str. 189,
10.26286,48.45319, McDonald's, D-Günzburg, Ulmer Str.,
11.35904,47.76573, McDonald's, D-Penzberg, Seeshaupterstr. 56,
10.67289,53.88013, McDonald's, D-Lübeck, Bei Der Lohmühle 21b,
9.82634,52.42629, McDonald's, D-Hannover, Varrelheide 188,
7.17451,49.34327, McDonald's (McDrive), D-Neunkirchen,,
11.60956,52.15928, McDonald's (McDrive), D-Magdeburg,,
6.80593,50.65225, McDonald's, D-Euskirchen, Von-Siemens-Str. 6,
6.95238,50.93898, McDonald's, D-Köln, Schwertnergasse 1,
8.07226,53.52209, McDonald's, D-Wilhelmshaven, Güterstr. 51,
6.39968,51.25276, McDonald's, D-Viersen, Freiheitsstr. 213,
6.75518,49.51304, McDonald's, D-Losheim Am See, Haagstr.,
7.8652,48.33794, McDonald's, D-Lahr, Alter Stadtbahnhof 1,
6.6056,51.53586, McDonald's, D-Rheinberg, An Der Neuweide 33,
12.03482,54.10777, McDonald's, D-Lambrechtshagen-Sievershagen, Dorfstr./B105,
10.11384,54.33332, McDonald's, D-Kiel, Gutenbergstr.,
6.79427,51.2523, McDonald's, D-Düsseldorf, Mercedesstr. 13 (Smart-Center),
10.13835,51.94684, McDonald's, D-Rhüden, Am Zainer Berg 1,
8.36165,52.60745, McDonald's, D-Diepholz, Mollerstr.,
12.06331,49.00954, McDonald's, D-Regensburg, Defregger Weg 2,
6.1203,50.82563, McDonald's, D-Würselen, Grünplatz,
8.06367,50.59926, McDonald's, D-Rennerod, An Der B54,
8.67716,50.58509, McDonald's, D-Giessen, Neuen Bäue 22,
6.90715,51.11588, McDonald's, D-Monheim, Heinrich-Hertz-Str. 4,
12.13665,48.5602, McDonald's, D-Landshut, Straubinger Str. 4,
7.60843,51.23881, McDonald's, D-Lüdenscheid, Brockhauser Weg,
9.30867,48.71286, McDonald's, D-Ostfildern-Nellingen, Felix-Wankel-Str. 5,
6.93512,51.51111, McDonald's, D-Bottrop, Am Südring Center 1 (Ab 01. 09. 2005),
10.60417,47.77346, McDonald's, D-Marktoberdorf, Brückenstr. 5,
8.68893,49.03813, McDonald's, D-Bretten, Alexanderplatz,
7.66368,51.98797, McDonald's, D-Münster, Rudolf-Diesel-Str. 65 A,
8.58028,50.22353, McDonald's, D-Oberursel, Hans-Mess-Str.,
7.4042,51.34111, McDonald's, D-Hagen, Enneper Str. 51,
6.77085,51.43245, McDonald's, D-Duisburg, Königstr. 58,
7.02046,51.33238, McDonald's, D-Velbert, Heiligenhauser Str. 82,
7.10222,51.64496, McDonald's, D-Marl, Herzlia Allee,
9.04798,50.08921, McDonald's, D-Alzenau, Daimlerstr. /Industriestr.,
9.90395,53.61791, McDonald's, D-Hamburg, Hörgensweg 10,
9.18082,48.78366, McDonald's, D-Stuttgart, Arnulf-Klett-Platz 2 (Markthalle),
6.15541,51.7902, McDonald's, D-Kellen, Van-Den-Bergh-Str. 64,
8.57648,51.4067, McDonald's, D-Brilon, Ostring,
11.62821,52.13096, McDonald's, D-Magdeburg, Hauptbahnhof,
7.52604,50.56575, McDonald's, D-Willroth, Raiffeisenstr. 17 A,
9.98429,48.39924, McDonald's, D-Ulm, Bahnhofsplatz 6,
11.83007,49.44398, McDonald's, D-Amberg, Fuggerstr. 22,
8.23957,48.76118, McDonald's, D-Baden-Baden, Luisenstr. 2,
11.60051,48.12838, McDonald's, D-München, Weißenburger Str. 36,
7.94793,48.48473, McDonald's, D-Offenburg, Okenstr. 105,
8.28431,52.71145, McDonald's, D-Vechta, Friesenstr. 1,
13.74328,52.42805, McDonald's, D-Erkner, Berliner Str. 12,
11.53091,48.04775, McDonald's, D-Grünwald, Südliche Münchner Str.,
9.76365,52.34307, McDonald's, D-Hannover, Hildesheimer St. 216,
9.90475,53.60767, McDonald's, D-Hamburg,,
7.84361,48.02974, McDonald's, D-Freiburg, Tullastr. 82a,
11.07506,49.46958, McDonald's, D-Nürnberg, Röthensteig 30,
9.99986,53.59437, McDonald's, D-Hamburg, Winterhuder Marktplatz,
8.98264,50.43212, McDonald's, D-Nidda, Alois-Thums-Str.,
8.17815,49.91343, McDonald's, D-Nieder-Olm, Am Giener,
10.20806,50.04861, McDonald's, D-Schweinfurt, Niederwerrner Str. 93,
10.58352,49.30322, McDonald's, D-Ansbach, Nuernberger Str. 42a,
7.45997,51.76662, McDonald's, D-Lüdinghausen, Valve 50,
8.77062,51.70459, McDonald's, D-Haxterhöhe (Paderborn), Suedring Center,
11.14252,49.4281, McDonald's, D-Nürnberg, Regensburger Str. 416,
6.34632,51.52255, McDonald's, D-Geldern, Weseler Str.,
8.04481,52.27593, McDonald's, D-Osnabrück,,
11.85485,48.08283, McDonald's, D-Kirchseeon/Egelharting, Siriusstr. 1,
11.34768,50.65777, McDonald's, D-Saalfeld, Mittlerer Watzenbach,
12.05987,52.23685, McDonald's, D-Theeßen, An Der Landstr. 1,
9.62695,52.26646, McDonald's, D-Wennigsen, Im Büntefeld 2,
11.50293,48.13978, McDonald's, D-München, Fürstenrieder Str. 26,
7.11358,50.81825, McDonald's, D-Troisdorf, Echternacher Str.,
8.85178,48.26216, McDonald's, D-Balingen, Lange Str. 13,
13.73392,51.29462, McDonald's, D-Thiendorf, Am Fiebig 1,
11.07687,49.45412, McDonald's, D-Nürnberg, Hauptmarkt 15,
8.58509,50.05184, McDonald's-Frankfurt, D-Frankfurt,,
13.54685,52.43175, McDonald's, D-Berlin, Adlergestell 289,
10.06849,53.57286, McDonald's, D-Hamburg, Hinterm Stern 8,
7.17666,50.79309, McDonald's, D-St. Augustin, Marie-Curie-Str. 11-17,
8.48014,50.58475, McDonald's, D-Aßlar, Waldbergraben 16,
6.08755,50.77526, McDonald's, D-Aachen, Holzgraben 11,
8.82221,50.59792, McDonald's, D-Reiskirchen, Carl-Benz-Str. 2,
6.92714,50.91619, McDonald's, D-Köln, Sülzburgstr.,
7.28576,50.77358, McDonald's, D-Hennef, Bahnhofstr. 19,
8.7555,52.07649, McDonald's, D-Bad Salzuflen, Rudolph-Brandes-Allee 28,
12.9765,50.90768, McDonald's, D-Oberlichtenau, Mc Donald Chemnitz Ost,
11.4049,53.90441, McDonald's, D-Wismar, Zierower Landstr. 5 7,
8.92906,50.33052, McDonald's, D-Florstadt/Nieder-Mockstadt, In Der Grobach 19,
8.09172,50.38116, McDonald's (McDrive), D-Limburg an der Lahn,,
8.79321,47.85594, McDonald's, D-Engen, Jahnstr.,
12.59185,50.68037, McDonald's, D-Wildenfels-Härtensdorf, Arno-Schmidt-Str. 28,
7.14998,51.25501, McDonald's, D-Wuppertal, Döppersberg 35,
7.33067,51.63176, McDonald's, D-Datteln, Am Holtgraben 1,
10.18194,47.98488, McDonald's, D-Memmingen, Weinmarkt 3 - Geschlossen,
10.15387,53.54557, McDonald's, D-Oststeinbek, Willinghusener Weg 1,
6.10098,51.06542, McDonald's, D-Heinsberg, Industriestr. 2a,
6.99558,49.23371, McDonald's, D-Saarbrücken, Bahnhofstr. 18,
11.61397,48.18893, McDonald's, D-München, Situlistr. 6,
8.35211,49.01488, McDonald's, D-Karlsruhe, Am Mühlburger Bahnhof 1,
11.55835,48.1306, McDonald's, D-München, Goethestr. 74,
6.97666,50.76287, McDonald's, D-Bornheim, Am Hellenkreuz 2,
10.13922,54.30218, McDonald's, D-Kiel, Theodor-Heuss-Ring 118,
8.37042,49.22752, McDonald's, D-Germersheim, Mainzer Str. 2,
11.04556,50.13377, McDonald's, D-Lichtenfels, Alte Bamberger Str. 98,
13.27141,53.58581, McDonald's, D-Neubrandenburg, Demminer Str. 78,
11.28397,48.09407, McDonald's, D-Gilching, Landsberger Str. 90,
6.95116,51.25308, McDonald's, D-Mettmann, Rudolf-Diesel-Str. 1,
8.54359,49.41051, McDonald's, D-Brühl, Alte Mannheimer Landstraße 1,
12.33812,51.51086, McDonald's, D-Döbernitz, Dr. -Helmut-Schreyer-Str. 12,
8.74538,50.08438, McDonald's, D-Offenbach Am Main, Sprendlinger Landstr. 177,
6.88331,51.45896, McDonald's, D-Mülheim An Der Ruhr, Heifeskamp,
6.63808,51.21711, McDonald's, D-Kaarst, Neersener Str. 4,
12.58444,47.96634, McDonald's, D-Traunreut, Werner-Von-Siemens-Str. 2a,
8.53101,51.20059, McDonald's, D-Winterberg, Am Hagenblech,
12.4085,50.99886, McDonald's, D-Altenburg, An Der B180,
9.09672,54.19482, McDonald's, D-Heide,,
6.63,51.45095, McDonald's, D-Moers, Homberger Str. 8,
10.10889,53.58165, McDonald's, D-Hamburg, Ahrensburger Str. 156,
10.10678,52.60106, McDonald's, D-Celle, Braunschweiger Herrstr.,
9.14361,49.97982, McDonald's, D-Aschaffenburg, Ludwigstr.,
8.77634,48.91987, McDonald's, D-Niefern-Öschelbronn, Enztalstr. 2,
10.82527,52.3108, McDonald's, D-Königslutter, Am Mühlenhop 2/Gewerbegebiet Ochsendorf,
8.86899,48.82461, McDonald's, D-Heimsheim,,
12.88933,50.79562, McDonald's, D-Chemnitz, Wladimir-Sagorski-Str. 22 (Vita-Center),
9.14963,48.92229, McDonald's, D-Ludwigsburg, Porschestr.,
13.59925,52.54988, McDonald's, D-Eiche, Kaufpark Eiche,
7.05494,51.57738, McDonald's, D-Gelsenkirchen, Goldbergplatz 6,
10.02706,53.54236, McDonald's, D-Hamburg, Amsinkstr. 73,
8.21636,50.04585, McDonald's, D-Wiesbaden, Äppelallee 69 (Wal-Mart),
7.79015,49.45349, McDonald's, D-Kaiserslautern, Mainzer Str. 97,
11.1704,48.71945, McDonald's, D-Neuburg/Donau, Am Südpark 3,
10.89874,49.90009, McDonald's, D-Bamberg,,
7.67306,51.56892, McDonald's, D-Kamen, Kamen Karree 7,
10.54309,52.47075, McDonald's, D-Gifhorn, Braunschweiger Str. 103,
7.40735,49.73918, McDonald's, D-Idar-Oberstein, Fischbacher Str. 2,
9.26699,49.05823, McDonald's, D-Ilsfeld, Porschestr.,
8.65251,50.19011, McDonald's, D-Frankfurt Am Main, Heinrich-Lanz-Allee,
9.48825,49.2041, McDonald's, D-Öhringen, Neuenstadter Str.,
8.63753,49.50779, McDonald's, D-Hirschberg, Goldbeckstr. 3,
11.54882,48.067, McDonald's, D-Grünwald, Bavaria-Film-Platz 7g,
11.0826,49.44677, McDonald's, D-Nürnberg, Im Hauptbahnhof,
7.53689,49.98073, McDonald's, D-Simmern, Sonnenhof/B50,
7.89454,49.8516, McDonald's, D-Bad Kreuznach, Schwabenheimer Weg 68,
11.78996,50.55175, McDonald's, D-Schleiz-Oschitz, Industriestr. 15,
8.24457,50.07139, McDonald's, D-Wiesbaden, Hauptbahnhof,
9.99004,53.5607, McDonald's, D-Hamburg, Theodor-Heuss-Platz 3,
7.05722,52.20329, McDonald's (McDrive), D-Gronau (Westfalen),,
7.83866,50.99842, McDonald's, D-Olpe, Raiffeisenstr. 5,
9.87227,53.36352, McDonald's, D-Dibbersen,,
9.68548,48.69621, McDonald's, D-Eislingen, Daimlerstr. 6,
7.0725,50.97962, McDonald's, D-Köln, Bergisch Gladbacher Str.,
11.57623,48.11284, McDonald's, D-München, Martin-Luther-Str. 26,
8.53339,52.02893, McDonald's, D-Bielefeld, Am Bahnhof 1d,
13.01108,50.59099, McDonald's, D-Annaberg-Buchholz, Chemnitzer Str. 36,
8.59259,52.01078, McDonald's, D-Bielefeld, Oldentruper Str. 236,
8.53331,52.02351, McDonald's, D-Bielefeld, Jahnplatz 6,
10.72176,50.91984, McDonald's (McDrive), D-Gotha,,
13.21891,52.53746, McDonald's, D-Berlin, Am Juliusturm 45,
6.84123,51.09414, McDonald's, D-Dormagen,,
8.48227,49.83517, McDonald's, D-Riedstadt, Römerstr. 1a,
8.86623,52.02887, McDonald's, D-Lemgo, An Der Bega,
6.94254,50.9284, McDonald's, D-Köln, Barbarossaplatz 1,
7.77008,49.44397, McDonald's, D-Kaiserslautern, Marktstr. 40,
6.80008,50.95901, McDonald's, D-Pulheim, Sachsstr. 1,
7.1317,50.73465, McDonald's, D-Bonn, Königswinterer Str. 104,
8.68609,50.11518, McDonald's, D-Frankfurt, Große Friedberger Str. -Gelbehirschstr.,
8.84929,49.90937, McDonald's, D-Dieburg, Frankfurter Str. 103,
10.98633,52.24049, McDonald's, D-Helmstedt, Dieselstr. 18,
12.09971,49.31082, McDonald's, D-Schwandorf, Max-Planck-Str. 10,
8.34068,51.46815, McDonald's, D-Warstein, Zum Pudelhammer 24,
13.26055,53.51804, McDonald's, D-Neubrandenburg, Akeleiweg 3,
11.42661,47.90062, McDonald's, D-Wolfratshausen, Pfaffenrieder Str. 28,
7.9368,49.98122, McDonald's, D-Rüdesheim, Geisenheimer Str. 58,
9.41411,54.77655, McDonald's, D-Flensburg, Am Friedenshügel 3,
7.20761,53.39198, McDonald's, D-Emden, Herderstr. 2,
9.18928,48.89601, McDonald's, D-Ludwigsburg, Arsenalplatz 1,
11.08679,47.49247, McDonald's, D-Garmisch-Partenkirchen, Marienplatz 11,
9.43416,54.78615, McDonald's, D-Flensburg, Große Str. 1,
6.62725,49.44272, McDonald's, D-Merzig, Saarwiesenring,
8.63384,49.88704, McDonald's, D-Darmstadt, Gräfenhäuser Str. 89,
13.73967,51.07461, McDonald's, D-Dresden, Hansastr.,
6.89641,49.41065, McDonald's (McDrive), D-Lebach,,
7.22056,51.54268, McDonald's, D-Herne, Bahnhofstr. 82a,
10.52633,52.26374, McDonald's, D-Braunschweig, Bohlweg 17/18,
12.10015,49.01078, McDonald's, D-Regensburg, Friedenstr. 23,
7.59272,47.5911, McDonald's, D-Weil am Rhein,,
11.03481,50.97655, McDonald's, D-Erfurt, Anger,
6.86674,49.2458, McDonald's, D-Völklingen, Saarwiesenstr. 11,
9.87634,48.21593, McDonald's, D-Laupheim, B30/ Berblinger Str.,
7.37371,51.49653, McDonald's, D-Dortmund, Wulhofstr. 6,
12.08074,50.87842, McDonald's, D-Gera, Schloßstr. 1,
11.473,48.2624, McDonald's, D-Dachau, Fraunhoferstr. 4,
9.71824,51.20417, McDonald's (McDrive), D-Hessisch Lichtenau,,
12.44173,50.84094, McDonald's, D-Meerane, An Der B93,
13.1188,51.15328, McDonald's, D-Mockritz, Heiterer Blick 1,
11.85531,50.97005, McDonald's, D-Eisenberg, Jenaer Str.,
10.52955,50.03108, McDonald's, D-Hassfurt, Am Sterzelbach 10,
12.09944,50.01327, McDonald's, D-Marktredwitz, Böttger Str. 9,
7.10204,50.73529, McDonald's, D-Bonn, Markt 9,
11.7639,48.17668, McDonald's, D-Kirchheim, Frauenhoferstr. 1,
8.80174,50.02029, McDonald's, D-Dietzenbach, Carl-Benz-Str. 5,
9.93157,51.55297, McDonald's, D-Göttingen, Hannoversche Str. 38,
11.57811,48.13625, McDonald's, D-München, Im Tal 6,
9.93106,49.79459, McDonald's, D-Würzburg, Marktplatz 15,
8.85221,47.75324, McDonald's, D-Singen, Industriestr. 1,
7.85251,48.11262, McDonald's, D-Emmendingen, Dammweg,
7.21847,51.48192, McDonald's, D-Bochum, Bongardstr. 21,
9.9866,53.45693, McDonald's, D-Hamburg,,
9.89024,51.52844, McDonald's, D-Göttingen, Siekweg 30,
11.44955,53.87491, McDonald's, D-Wismar, Schweriner Str.,
12.0958,48.53897, McDonald's, D-Landshut, Ludwig Erhard Str.,
8.68315,50.13208, McDonald's, D-Nordend, Adickesalee (In Tankstelle),
10.04502,53.60814, McDonald's, D-Hamburg, Steilshooper Allee,
7.29664,52.68392, McDonald's, D-Meppen, Lingener Str. 73,
14.07613,52.33738, McDonald's, D-Fürstenwalde, Alte Langewahler Chaussee,
9.97943,53.46229, McDonald's, D-Hamburg, Neue Str. 24,
11.5828,52.07978, McDonald's, D-Magdeburg, W. V. Siemens Ring,
9.57823,47.66471, McDonald's, D-Tettnang, Dr. -Klein-Str. 7 (Bürgermoos),
6.56896,51.32655, McDonald's, D-Krefeld, Hansastr. 99,
9.53252,50.38719, McDonald's, D-Schlüchtern, Autohof A66/B40,
6.84482,51.47481, McDonald's, D-Oberhausen, Concordiastr. 32,
13.24579,52.76568, McDonald's, D-Oranienburg, Sachsenhausener Str. 23,
12.26347,51.34732, McDonald's, D-Leipzig, Löwencenter,
7.60482,49.2035, McDonald's, D-Pirmasens, Schloßstr. 25,
8.13052,49.19234, McDonald's, D-Landau, Johannes Kopp Str. 4,
12.70811,51.26125, McDonald's, D-Grimma,,
7.7338,52.14726, McDonald's, D-Ladbergen, An Der A1,
8.37334,48.99015, McDonald's, D-Karlsruhe, Pulverhausstr. 42,
11.6627,48.06396, McDonald's, D-Ottobrunn, Margreider Platz,
8.53483,50.16326, McDonald's, D-Schwalbach, Am Kronberger Hang 9,
7.1673,49.3417, McDonald's, D-Neunkirchen, Boxbergweg/Westspange,
8.27131,49.99885, McDonald's, D-Mainz, Gutenbergplatz 8-12,
10.05763,53.64807, McDonald's, D-Hamburg, Poppenbütteler Weg 94,
11.17549,48.89704, McDonald's, D-Eichstätt, Weißenburger Str. 38,
10.22573,50.33277, McDonald's, D-Bad Neustadt, Industriestr. 17,
13.9136,50.95657, McDonald's, D-Pirna, Dresdner Str.,
9.99957,53.55068, McDonald's, D-Hamburg, Ida-Ehre-Platz 10,
8.43772,49.31736, McDonald's, D-Speyer, Maximilianstr. 16,
10.14358,53.57041, McDonald's, D-Hamburg, Barsbütteler Str. 45,
13.12387,52.52864, McDonald's, D-Berlin, Heerstr.,
10.40953,51.93025, McDonald's, D-Göslar, Carl-Zeiss-Str.,
10.04595,53.55211, McDonald's, D-Hamburg, Eiffestr.,
8.43583,48.46238, McDonald's, D-Freudenstadt, Stuttgarter Str. 189,
6.866,51.35073, McDonald's, D-Ratingen, An Der Pönt 49,
11.28763,49.51508, McDonald's, D-Lauf, Hersbrucker Str. 54,
7.90042,51.56271, McDonald's, D-Werl, Neuwerk 2a,
8.70305,53.86243, McDonald's, D-Cuxhaven, Im Real,
9.64619,51.4282, McDonald's, D-Hannoversch-Münden, Göttinger Str. 25,
6.81728,51.23418, McDonald's, D-Düsseldorf, Grafenberger Allee 258,
9.98776,53.55558, McDonald's, D-Hamburg, Gänsemarkt 35,
9.73496,50.41841, McDonald's, D-Kalbach, A7 Rasthof Utterichshausen West,
12.22213,49.93643, McDonald's, D-Mitterteich, Ludwig-Erhard-Str. 3,
6.70877,51.41882, McDonald's, D-Duisburg, Asterlagerstr. 59,
11.26741,48.28053, McDonald's (McDrive), D-Sulzemoos,,
7.12178,50.98471, McDonald's, D-Bergisch Gladbach, Richard-Zanders-Str. 5,
8.89253,53.08115, McDonald's, D-Bremen,,
9.17339,48.77349, McDonald's, D-Stuttgart, Marienstr. 12,
12.08992,49.01981, McDonald's, D-Regensburg, Weißgerbergraben 26,
8.67314,49.96352, McDonald's, D-Egelsbach, Woogstr.,
7.18562,51.72782, McDonald's, D-Haltern am See, Marler Straße 4,
13.44246,52.46813, McDonald's, D-Berlin, Karl-Marx-Str. 231-235,
13.51528,52.60072, McDonald's, D-Lindenberg, Karl-Marx-Str. 50,
11.25148,50.13698, McDonald's, D-Burgundstadt, In Der Au 3,
6.9565,50.94194, McDonald's, D-Köln, Marzellenstr. 1,
8.25475,47.62179, McDonald's, D-Waldshut-Tiengen, Von-Opel-Str. 2b,
10.21865,53.33972, McDonald's, D-Winsen, Max-Planck-Str. 12,
11.06138,48.39091, McDonald's, D-Dasing, Messerschmittstr. 10,
7.57626,50.38048, McDonald's, D-Koblenz, Friedrich-Mohr-Str. 2a (An Der B9),
8.47396,49.48455, McDonald's, D-Mannheim, Planken O7/15,
14.6358,52.13105, McDonald's (McDrive), D-Eisenhüttenstadt,,
8.57003,50.05068, McDonald's-Frankfurt, D-Frankfurt,,
6.44948,51.19541, McDonald's, D-Mönchengladbach, Rahracker 5,
9.79331,53.66307, McDonald's, D-Pinneberg, Mccafe Kreuzung Hochstraße/Elmshornerstraße,
8.22322,48.86595, McDonald's, D-Rastatt, Ettlinger Str. 3,
13.37208,54.3906, McDonald's, D-Teschenhagen, Bahnhofstr. 2,
12.75024,48.40064, McDonald's, D-Eggenfelden, Schellenbruckstr. 41,
13.56086,52.36745, McDonald's, D-Waltersdorf, Zeppelinstr.,
9.43049,48.64429, McDonald's, D-Kirchheim/Teck, Marie-Curie-Str. 2,
6.2463,50.82286, McDonald's, D-Eschweiler, Aachener Str. 108,
7.59612,49.21432, McDonald's, D-Pirmasens, Drive In Nähe Der B10,
12.66337,49.20264, McDonald's, D-Cham, Werner-Von-Siemens-Str. 35,
7.2414,51.18121, McDonald's, D-Remscheid, Jägerwald 8,
7.01468,51.02675, McDonald's, D-Leverkusen, Im Wal Mart; Stixchesstr.,
13.08754,52.38254, McDonald's, D-Potsdam, Horstweg,
9.28973,50.25039, McDonald's, D-Wächtersbach, Im Globus-Markt,
7.8634,49.84295, McDonald's, D-Bad Kreuznach, Salinenstr. 2,
11.6372,52.13109, McDonald's, D-Magdeburg, Ernst-Reuter-Allee,
6.6986,51.22587, McDonald's, D-Düsseldorf, Burgunderstr. 51-53,
7.31064,51.56155, McDonald's, D-Castrop-Rauxel, Bahnhofstr. 110,
9.20038,48.86691, McDonald's (McDrive), D-Kornwestheim,,
9.44709,51.31314, McDonald's, D-Kassel,,
7.1015,50.73756, McDonald's, D-Bonn, Bertha-Von-Suttner-Platz 1,
8.57967,53.54282, McDonald's, D-Bremerhaven, Bürgermeister-Smidt-Str.,
8.25397,50.21696, McDonald's, D-Idstein, Wiesbadener Str.,
8.23501,50.02352, McDonald's, D-Mainz, Rheinallee 181,
10.96094,49.01778, McDonald's, D-Weißenburg, Augsburger Str. 75,
7.08348,51.1724, McDonald's, D-Solingen, Kölner Str. 114,
7.459,51.51658, McDonald's, D-Dortmund, Königswall/Hauptbahnhof,
9.19699,48.69295, McDonald's-Stuttgart, D-Leinfelden-Echterdingen,,
7.90844,53.58072, McDonald's, D-Jever, Wangerländische Str./Am Bullham,
11.20644,49.36548, McDonald's, D-Feucht, Gsteinacher Str.,
10.63532,54.12287, McDonald's, D-Eutin, Röntgenstr. 2,
10.16771,48.00095, McDonald's, D-Memmingen, Wernher-Von-Braun-Str. 17,
10.22054,53.66363, McDonald's, D-Ahrensburg, Hamburger Str. 159,
7.75031,50.48303, McDonald's, D-Mogendorf, Im Reimersheck 1,
7.10091,51.50648, McDonald's, D-Gelsenkirchen, Bahnhofstr. 83,
7.68702,52.51438, McDonald's, D-Fürstenau, Werner-Von-Siemens-Str.,
9.98426,53.68502, McDonald's, D-Norderstedt, Berliner Allee 42/Heroldcenter,
6.83391,50.9152, McDonald's, D-Frechen, Kölner Str. 200,
8.59942,50.13576, McDonald's, D-Frankfurt, Guerickestr. 12,
6.12087,50.77683, McDonald's, D-Aachen,,
10.07716,48.82772, McDonald's, D-Aalen, Robert Bosch Str. 2,
7.19826,51.2699, McDonald's, D-Wuppertal, Höhne 4,
8.17961,48.77678, McDonald's, D-Sinzheim, Industriestr. 26,
10.00662,53.65374, McDonald's (McDrive), D-Hamburg,,
6.67728,50.86704, McDonald's, D-Kerpen, Stiftsstr.,
7.35132,51.44146, McDonald's, D-Witten, Dortmunder Str. 23,
12.243,51.83191, McDonald's, D-Dessau, Kavalierstr. 71,
14.32807,51.74921, McDonald's, D-Cottbus, Vetschauer Str. 10,
9.96225,53.54929, McDonald's, D-Hamburg, Reeperbahn 59,
13.30642,52.47683, McDonald's, D-Berlin, Mecklenburgische Str. 65 - 68,
11.41091,53.62811, McDonald's, D-Schwerin, Marienplatz 5-7 (Schloßparkcenter),
10.03653,48.38695, McDonald's, D-Neu-Ulm, Otto-Hahn-Str. 2,
13.41337,52.54846, McDonald's, D-Berlin, Schönhauser Allee 120,
12.4009,51.40017, McDonald's, D-Seehausen B. Leipzig, Handelsstr. 1,
12.78445,52.91807, McDonald's, D-Neuruppin, Neustädter Str. 27/B167,
13.25846,53.55749, McDonald's, D-Neubrandenburg, Marktplatz-Center,
7.02811,49.28922, McDonald's, D-Saarbrücken, Camphauser Str.,
11.98882,51.18824, McDonald's, D-Weißenfels, Käthe-Kollwitz-Str.,
8.74836,52.8599, McDonald's, D-Bassum, Industriestr. 23,
9.92768,53.47085, McDonald's, D-Hamburg, Stader Str. 256,
8.53899,49.32636, McDonald's, D-Hockenheim, Gleisstr. 8,
11.98685,51.76552, McDonald's, D-Köthen, Dessauer Str.,
12.9248,50.83523, McDonald's, D-Chemnitz, Brückenstr. 10,
9.39523,53.11703, McDonald's, D-Rotenburg/Wümme, Rönnebrocksweg 3,
7.05443,51.18509, McDonald's, D-Solingen, Frankfurter Damm 18,
13.32328,52.56098, McDonald's, D-Berlin-Reinickendorf, Kurt-Schumacher-Damm 36-38,
7.29829,50.94422, McDonald's, D-Overath, Gut Burghof 4,
6.78811,51.22804, McDonald's, D-Düsseldorf, Am Wehrhahn 4,
12.31028,51.32799, McDonald's, D-Leipzig, Lützner Str.,
11.84322,52.25923, McDonald's, D-Burg, Magdeburger Chaussee,
11.60148,48.05641, McDonald's, D-Unterhaching, Grünwalder Weg 32,
8.51535,51.59891, McDonald's, D-Geseke, Bürener Str. 153 (Drivers Park),
8.47293,49.49709, McDonald's, D-Mannheim, Mittelstr. 12,
9.98132,53.42109, McDonald's, D-Hamburg-Sinstorf, Winsener Str. 231,
8.48192,49.59397, McDonald's, D-Lampertheim, Industriestr. 34a,
7.00805,51.49775, McDonald's, D-Essen, Altenessener Str. 411,
7.0846,52.4413, McDonald's, D-Nordhorn, Lingener Str. 103,
12.14992,49.31452, McDonald's, D-Schwandorf, Am Brunnfeld,
7.6549,47.60668, McDonald's, D-Lörrach, Clara-Immerwahr-Strasse,
10.51025,52.30869, McDonald's, D-Braunschweig, Hansestr. 90,
11.44328,49.28858, McDonald's, D-Neumarkt, Nürnberger Str. 41a,
7.57277,51.01456, McDonald's, D-Gummersbach, Gummersbacher Str. 92,
9.20398,48.08634, McDonald's, D-Sigmaringen, In Den Käppeleswiesen 8,
13.82076,52.83497, McDonald's, D-Eberswalde-Finow, Bollwerkstr. 1,
12.42813,51.28346, McDonald's, D-Leipzig, Globus-Markt,
12.862,50.80708, McDonald's, D-Chemnitz, Im Neefepark 2,
9.84695,53.4728, McDonald's, D-Hamburg-Fischbek, Cuxhavener Str. 382,
13.28592,51.29578, McDonald's, D-Riesa, Lommatzscher Str. 28,
13.19102,48.63057, McDonald's, D-Vilshofen, Passauer Str.,
8.81729,50.11923, McDonald's (McDrive), D-Mühlheim am Main,,
6.65261,50.94234, McDonald's, D-Bergheim, Am Sodagraben 1,
6.54071,49.96195, McDonald's, D-Bitburg-Mötsch, Bitburger Str. 86,
8.02674,50.95969, McDonald's, D-Kreuztal, Zitzenbachstr. 2,
11.75322,48.38134, McDonald's, D-Freising, Ismaninger Str,
11.42529,48.14301, McDonald's, D-München, Bodenseestr. 225,
8.5791,49.9838, McDonald's, D-Mörfelden-Walldorf, Industriestr. 19 (Fina-Tankstelle),
12.1932,54.11404, McDonald's, D-Bentwisch, Hansestr. 49,
13.9071,51.84929, McDonald's, D-Gross Klessow, Lpg-Str.,
9.38784,52.10271, McDonald's, D-Hameln, Hastenbeker Weg 82,
11.7065,52.02997, McDonald's, D-Schönebeck, Am Stremsgraben 6,
11.10218,47.50233, McDonald's, D-Garmisch-Partenkirchen, Hauptstr. 6,
6.87845,51.16219, McDonald's, D-Düsseldorf,,
10.17662,51.00639, McDonald's, D-Herleshausen, Autohof A4 Eisenacher Str.,
8.78675,53.10084, McDonald's, D-Bremen, Waller Heerstr. 101 (Walle-Center),
7.84186,47.99759, McDonald's, D-Freiburg, Bismarckallee 5-Bahnhof,
6.57541,50.55002, McDonald's, D-Kall, Werner-Schumacher-Str.,
11.58478,48.19239, McDonald's, D-München, Maria-Probst-Str. 6,
11.01531,49.45339, McDonald's, D-Nuernberg, Sigmundstr. 100,
11.37191,48.13861, McDonald's, D-Germering, Augsburger Str. 36,
9.87605,53.58819, McDonald's, D-Hamburg, Luruper Hauptstr. 97,
8.76048,48.70837, McDonald's, D-Calw, Stuttgarter Str. 100,
12.56902,48.88163, McDonald's, D-Straubing, Theresienplatz 24,
8.19847,49.46777, McDonald's, D-Bad Dürkheim, An Der B37,
10.41159,50.58986, McDonald's, D-Meiningen, Leipziger Str. 110,
8.88768,53.06962, McDonald's, D-Bremen,,
11.43481,48.77156, McDonald's, D-Ingolstadt, Nürnberger Str. 12,
9.30879,49.14323, McDonald's, D-Ellhofen, Am Autobahnkreuz 3,
8.65424,49.87097, McDonald's, D-Darmstadt, Ernst-Ludwig-Str. 26,
8.63195,49.87145, McDonald's, D-Darmstadt, Platz der Deutschen Einheit 21,
10.79075,51.85342, McDonald's, D-Wernigerode, Dornbergsweg 39a,
9.22399,49.12564, McDonald's, D-Heilbronn, Happenbacher Str. 3,
10.91577,49.57356, McDonald's, D-Herzogenaurach, Olympiaring 2,
10.95796,50.85632, McDonald's, D-Arnstadt, Alfred-Ley-Str. 6a,
9.36428,48.81438, McDonald's, D-Weinstadt, Kalkhofenstr. 18,
13.04587,54.31901, McDonald's, D-Stralsund, Grünhufer Bogen,
10.63591,53.85428, McDonald's, D-Lübeck, Plaza-Center; Ziegelstr.,
9.96917,52.80036, McDonald's, D-Bergen, Celler Str.,
7.61665,51.51323, McDonald's, D-Holzwickede, Wilhelmstr. 2,
8.40083,48.99444, McDonald's, D-Karlsruhe, Hauptbahnhof,
9.85263,52.97229, McDonald's, D-Soltau, Celler Str.,
11.10051,49.46948, McDonald's, D-Nürnberg,,
11.11552,49.48037, McDonald's, D-Nürnberg, Haeberleinstr. 4,
13.80364,50.99491, McDonald's, D-Dresden, Dohnaer Str.,
7.65348,51.10633, McDonald's, D-Meinerzhagen, Oststr. 40,
12.01423,51.45561, McDonald's, D-Halle, Leipziger Chaussee,
6.54472,51.43333, McDonald's, D-Neukirchen-Vluyn, Pascalstr. 3,
10.02049,53.55291, McDonald's, D-Hamburg,,
8.01245,50.85716, McDonald's, D-Siegen, Eiserfelder Str.,
8.22918,49.9695, McDonald's, D-Mainz, Gutenberg-Center,
9.31512,49.51116, McDonald's (McDrive), D-Buchen (Odenwald),,
10.01816,51.19701, McDonald's, D-Eschwege, Landstr. /B249,
8.47002,50.55095, McDonald's, D-Wetzlar, Alte Str. 1,
7.94309,48.47187, McDonald's, D-Offenburg,,
7.97189,51.95454, McDonald's, D-Warendorf, August-Wessing-Damm 83,
11.5632,48.13756, McDonald's, D-München, Schwanthalerstr. 8,
7.92019,49.9319, McDonald's, D-Mainz Bretzenheim,,
9.27767,51.12031, McDonald's, D-Fritzlar, Alte Wildunger Str.,
11.88097,50.31103, McDonald's, D-Hof, Ossecker Str. 177,
12.80233,48.16289, McDonald's, D-Burghausen, Burgkirchener Str.,
13.43311,52.48199, McDonald's, D-Berlin, Karl-Marx-Str.,
10.35502,53.43308, McDonald's, D-Geesthacht, Düneberger Str. 119,
7.96019,51.45532, McDonald's, D-Arnsberg, Werler Str. 6 (Möhnepark),
12.06441,47.84326, McDonald's, D-Kolbermoor, Carl-Jordan-Str. 22,
9.48687,47.65951, McDonald's, D-Friedrichshafen, Ehlersstr. 34,
11.06124,49.42841, McDonald's, D-Nürnberg, Heisterstr. 1,
11.07615,51.88034, McDonald's, D-Halberstadt, Im Sülzeteiche,
8.04068,51.76716, McDonald's, D-Beckum, Neubeckumer Str.,
10.97066,50.27292, McDonald's, D-Coburg, Neustadter Str. 9c,
8.56425,49.13898, McDonald's, D-Bruchsal, Am Mantel 1a,
11.87163,48.91214, McDonald's, D-Kelheim, Donaupark 1,
12.49818,51.26548, McDonald's, D-Großpösna, Grimmaische Str.,
11.96801,51.48538, McDonald's, D-Halle (Saale),,
9.75833,48.51423, McDonald's, D-Merklingen, Industriestr. 2,
9.9621,53.60276, McDonald's, D-Hamburg, Kollaustr. 25,
11.20242,47.6909, McDonald's, D-Hofheim, Straßäcker 22,
8.67667,49.40376, McDonald's, D-Heidelberg, Hauptbahnhof/Neben Hotel Arcade,
13.71871,50.99857, McDonald's, D-Bannewitz, Boderitzer Str. 30,
7.32097,49.32892, McDonald's (McDrive), D-Homburg,,
8.2955,48.82193, McDonald's, D-Gaggenau, Murgtalstr. 1,
10.00632,53.55346, McDonald's, D-Hamburg, Glockengießer Wall 8-10/Hauptbahnhof-Wandelhalle,
7.4757,53.23512, McDonald's, D-Leer, Papenburger Str. 1,
7.79722,47.57643, McDonald's, D-Rheinfelden, Großmattstr. 2,
9.67885,49.28932, McDonald's, D-Künzelsau, Würzburgerstr. 50/An Der B19,
6.83123,51.29751, McDonald's, D-Ratingen, Lise-Meitner-Str. 6,
9.98162,54.05955, McDonald's, D-Neumünster, Altonaer Str. 141-143,
6.43731,51.19402, McDonald's, D-Mönchengladbach, Hindenburgstr. 65,
8.87679,53.08115, McDonald's, D-Bremen, In Der Vahr 68,
10.64182,47.89981, McDonald's, D-Kaufbeuren, Sudetenstr.,
9.02582,48.22226, McDonald's, D-Albstadt, Truchtelfingerstr. 64,
8.64644,49.85198, McDonald's, D-Darmstadt, Heidelberger Str. 191,
13.40403,52.54489, McDonald's, D-Berlin, Max-Schmeling-Halle (Nur Bei Veranstaltungen),
10.81092,52.42741, McDonald's, D-Wolfsburg, Lerchenweg 24,
8.01216,50.90813, McDonald's, D-Siegen-Geisweid, Birlenbacher Str. 2,
9.66379,54.30972, McDonald's, D-Büdelsdorf, Brückenstr.,
6.8461,51.16606, McDonald's, D-Düsseldorf, Am Trippelsberg 4,
13.38524,52.55045, McDonald's, D-Berlin, Badstr. 12/13,
8.69311,50.30016, McDonald's, D-Rosbach Vor Der Höhe, Dieselstr.,
8.62766,53.04837, McDonald's, D-Delmenhorst, Rathausplatz 6,
12.93752,52.36515, McDonald's, D-Werder, Berliner Str./B 1,
9.8242,47.69799, McDonald's, D-Wangen, Ravensburger Str. 100,
13.28749,52.58324, McDonald's, D-Berlin, Am Borsigturm,
6.96405,51.5666, McDonald's, D-Gladbeck, Siemensstr.,
6.54393,51.50826, McDonald's, D-Kamp-Lintfort, Prinzenstr. 84,
11.6768,48.11928, McDonald's, D-München, Wasserburger Landstr. 52,
7.20193,51.61565, McDonald's, D-Recklinghausen, Grafenwall 7,
8.22003,50.04886, McDonald's, D-Wiesbaden, Hagenauer Str. 41,
9.48857,48.02156, McDonald's, D-Bad Saulgau, Herbertinger Str. 45,
8.11452,53.51997, McDonald's, D-Wilhelmshaven, Marktstr. 49-51,
9.58497,50.00181, McDonald's, D-Lohr, Jahnstr. 87,
11.3465,48.00251, McDonald's, D-Starnberg, Münchner Str. 10,
8.70392,50.03084, McDonald's, D-Dreieich, Robert-Bosch-Str. 15 (Wal-Mart),
9.16126,48.8098, McDonald's, D-Stuttgart/Feuerbach, Stuttgarter Str. 74,
7.75024,48.22712, McDonald's, D-Herbolzheim, Breisgauallee 4,
8.63283,50.15805, McDonald's, D-Frankfurt Am Main, Nidaforum (Im Nwz),
8.46838,49.49032, McDonald's, D-Mannheim, Am Marktplatz 5,
10.76177,48.71795, McDonald's, D-Donauwörth, An Der Westspange 4,
13.49733,52.50939, McDonald's, D-Berlin, Weitlingstr. (Bahnhof Lichtenberg),
11.86139,48.81028, McDonald's, D-Abensberg, Straubinger Str. 46,
9.96585,52.16436, McDonald's, D-Hildesheim, Bavenstedter Str. 48,
13.32437,52.50245, McDonald's, D-Berlin, Kurfürstendamm 34,
6.7397,51.56254, McDonald's, D-Dinslaken, Neutorplatz 14 (Karstadt),
11.45673,48.50155, McDonald's, D-Scheyern, Grabmairstraße 2,
12.45067,53.15749, McDonald's, D-Wittstock, Hamburger Str.,
8.08772,51.56413, McDonald's, D-Soest, Werler Landstr. 4,
7.3975,49.64893, McDonald's, D-Baumholder, Ringstr. L 169,
7.18054,51.60781, McDonald's, D-Recklinghausen, Westring 48,
14.5506,52.34734, McDonald's, D-Frankfurt (Oder), Karl-Marx-Str.,
7.63646,50.88578, McDonald's, D-Waldbröl, Wiehler Str. 20,
13.32171,52.45806, McDonald's, D-Berlin,,
7.07459,50.74248, McDonald's, D-Bonn, Bornheimer Str. 230,
7.59643,47.59546, McDonald's (McDrive), D-Weil am Rhein,,
12.92062,50.79657, McDonald's, D-Chemnitz, Annaberger Str. 315,
10.19023,53.60856, McDonald's, D-Hamburg, Sieker Landstr. 126,
8.25972,50.00179, McDonald's, D-Mainz, Hauptbahnhofsplatz 1 (Im Hauptbahnhof),
10.27154,53.48917, McDonald's, D-Wentorf, Immenberg 2,
7.16668,50.67839, McDonald's, D-Bonn/Bad Godesberg, Koblenzer Str. 165 - 167,
8.65432,48.90436, McDonald's, D-Pforzheim, Karlsruher Str. 87,
9.95143,53.62312, McDonald's, D-Hamburg,,
10.88424,48.34466, McDonald's, D-Augsburg, Edisonstr. 10,
10.24468,52.33832, McDonald's, D-Peine, Dieselstr. 8 B,
6.75306,51.16333, McDonald's, D-Neuss, Sperberweg 22,
7.23264,50.57525, McDonald's, D-Remagen, Am Güterbahnhof,
10.48358,48.85425, McDonald's, D-Nördlingen, Würzburger Str. 3,
6.75681,51.20711, McDonald's, D-Düsseldorf, Fährstr. 27-29,
6.88753,51.43053, McDonald's, D-Mülheim an der Ruhr,,
12.28591,50.6194, McDonald's, D-Reichenbach, Reichenbacher Str.,
9.69572,53.46192, McDonald's, D-Buxtehude, Lüneburger Schanze 10,
7.63003,51.61395, McDonald's, D-Bergkamen,,
9.47232,48.41606, McDonald's, D-Münsingen, Robert-Bosch-Str. 2,
9.15304,47.6756, McDonald's, D-Konstanz, Opelstr. 1,
9.46393,51.83774, McDonald's, D-Holzminden, Burgbergblick 2,
10.93673,48.38336, McDonald's, D-Augsburg, Meraner Str. 22,
12.87394,50.85742, McDonald's, D-Chemnitz, Leipziger Str. 212,
6.99147,50.81129, McDonald's, D-Wesseling, Vorgebirgsstr. 2,
11.13983,49.46249, McDonald's, D-Nürnberg, Laufamholzstr. 76,
9.16459,49.98827, McDonald's, D-Aschaffenburg, Schönbornstr. 50,
13.73526,51.04918, McDonald's, D-Dresden, Altmarkt-Galerie Im Untergeschoß,
10.14645,49.73973, McDonald's, D-Kitzingen, Repperndorfer Str. 11,
10.21546,53.48644, McDonald's, D-Hamburg-Bergedorf, Mohnhof 5,
10.77053,49.12869, McDonald's, D-Gunzenhausen, Nürnberger Str. 111,
6.4838,51.22494, McDonald's, D-Mönchengladbach, Krefelder Str. 672,
8.35269,49.54628, McDonald's, D-Frankenthal, Wormser Str. 105,
12.47546,51.3721, McDonald's, D-Taucha, Otto-Schmidt-Str.,
13.52018,52.4965, McDonald's, D-Berlin, Otto-Schmirgal-Str. 100/Am Tierpark,
7.49538,51.52511, McDonald's, D-Dortmund, Werkmeister Str. 66,
10.98879,51.01265, McDonald's, D-Erfurt, Nordhäuser Str. 73t,
8.74272,53.04815, McDonald's, D-Bremen, Roland-Center,
11.31605,50.96097, McDonald's, D-Weimar, Berkaer Str. 69,
8.03747,50.37247, McDonald's, D-Diez, Nikolaus-Otto-Str. 11,
7.45986,50.43006, McDonald's, D-Neuwied, Schloßstr. 52,
8.5896,51.66646, McDonald's, D-Salzkotten, Geseker Str. 78,
8.80165,53.05387, McDonald's, D-Bremen, Neuenlander Str. 109,
8.27683,50.75071, McDonald's, D-Dillenburg, Kasselerstr. 34a,
9.49471,51.3152, McDonald's, D-Kassel, Treppenstr. 5,
7.19448,51.17986, McDonald's, D-Remscheid, Markt,
9.19169,47.77565, McDonald's, D-Überlingen, Zur Weierhalde 2,
7.11019,50.54626, McDonald's, D-Bad Neuenahr-Ahrweiler, Wilhelmstr. 50-56,
10.20741,53.49209, McDonald's, D-Hamburg,,
11.00822,49.58996, McDonald's, D-Erlangen, Beethovenstr. 11,
7.31962,52.15929, McDonald's, D-Steinfurt, Carl-Benz-Straße 10,
11.06442,49.70038, McDonald's, D-Forchheim, Daimler Str. 24,
10.32746,47.73659, McDonald's, D-Kempten, Bleicherstr. 2,
8.99975,48.70603, McDonald's, D-Sindelfingen, Stern-Center/Mercedesstr.,
11.53932,48.11712, McDonald's, D-München, Am Harras 12,
7.71363,52.26041, McDonald's, D-Ibbenbüren, Münsterstr.,
11.43341,52.28223, McDonald's, D-Haldensleben, Nathusiusstr. 28,
12.19299,53.81486, McDonald's, D-Güstrow, Lindbruch 4,
9.22103,49.14548, McDonald's, D-Heilbronn, Sülmerstr. 57,
10.28906,53.93354, McDonald's, D-Bad Segeberg, Hamburger Str.,
7.27842,51.49488, McDonald's, D-Bochum, Ruhrpark Drive In,
10.11695,48.2855, McDonald's, D-Vöhringen, An Der Alten Ziegelei 2,
7.16552,51.53193, McDonald's, D-Herne,,
10.71379,50.92106, McDonald's, D-Gotha/Ülleben, Gewerbegebiet/B 247,
8.56722,52.19726, McDonald's, D-Bünde, Blankensteinstr. 44,
8.80641,53.02822, McDonald's, D-Brinkum, Bremer Str. 107,
9.00609,49.68776, McDonald's, D-Michelstadt, Zeller Str.,
14.00842,51.52746, McDonald's, D-Senftenberg, Güterbahnhofstr. 33,
13.37316,52.55663, McDonald's, D-Berlin,,
7.52707,51.61619, McDonald's, D-Lünen, Engelstr. 20,
8.42189,49.45154, McDonald's, D-Ludwigshafen, In Der Mörschgewanne 12,
10.89493,48.36675, McDonald's, D-Augsburg, Bgm. Fischer Str. 12,
7.81296,48.57696, McDonald's, D-Kehl, Straßburger Str. 9,
9.98683,54.07177, McDonald's, D-Neumünster, Großflecken 35,
12.12162,47.85308, McDonald's, D-Rosenheim, Bahnhofstr. 1,
13.73914,51.04981, McDonald's, D-Dresden, Wilsdruffer Str. 19,
11.57713,51.51065, McDonald's, D-Eisleben, Am Helftaer Anger 2,
11.98354,51.3719, McDonald's, D-Merseburg, Querfurter Str.,
9.74777,51.19816, McDonald's, D-Hessisch Lichtenau, Leipziger Str. 203,
7.01793,50.94968, McDonald's, D-Köln, Frankfurter Str.,
6.15356,50.80534, McDonald's, D-Würselen, Adenauer Str. 21,
8.49968,49.47417, McDonald's, D-Manheim, Gottlieb-Daimler-Str. 25,
11.46575,48.22665, McDonald's, D-Karlsfeld, Münchner Str. 160,
13.38145,52.4106, McDonald's, D-Berlin, Buckower Chaussee 100,
13.60268,52.31735, McDonald's, D-Wildau, Gewerbepark,
6.88102,51.49193, McDonald's, D-Oberhausen, Centro-Allee 78,
8.92923,50.11586, McDonald's, D-Hanau, Rodgaustr. 7,
13.24773,52.75478, McDonald's, D-Oranienburg,,
10.532,52.15858, McDonald's, D-Wolfenbüttel, Goslarsche Str. 2,
8.394,51.05259, McDonald's, D-Bad Berleburg,,
7.22356,51.47928, McDonald's, D-Bochum, Kurt-Schumacher-Platz/Hauptbahnhof,
7.00344,51.0389, McDonald's, D-Leverkusen, Bismarkstr. 122 - 124 (Bay Arena),
9.69576,53.74699, McDonald's, D-Elmshorn, Lise-Meitner-Str.,
7.24406,50.3269, McDonald's, D-Mayen, Koblenzer Str. 106-112,
6.68203,51.18328, McDonald's, D-Neuss, Moselstr. 4,
7.69105,51.53877, McDonald's, D-Unna,,
13.35577,52.59715, McDonald's, D-Berlin, Senftenberger Ring 5a,
11.59514,48.26394, McDonald's, D-Oberschleißheim, Franz-Lehner-Str. 2,
8.80358,53.07802, McDonald's, D-Bremen, Obernstr. 80,
8.73968,53.13648, McDonald's (McDrive), D-Bremen,,
8.90307,52.2779, McDonald's, D-Minden, Portastr. 30,
10.5038,53.82368, McDonald's, D-Reinfeld, An Der Autobahn 7,
9.69186,52.34898, McDonald's, D-Hannover, Nenndorfer Chaussee 9,
10.23838,51.73271, McDonald's, D-Osterode/Harz, Petershütter Allee 2,
6.98359,51.03179, McDonald's, D-Leverkusen, Wiesdorfer Platz 82,
12.32063,48.62642, McDonald's, D-Wörth, An Der Ba 92/Luitpoldpark,
7.02189,51.46965, McDonald's, D-Essen, Stoppenbergerstr.,
9.763,49.49546, McDonald's, D-Bad Mergentheim, Max-Eyth-Str. 14,
9.82721,54.47254, McDonald's, D-Eckernförde, Noorstr. 15,
8.71705,50.04762, McDonald's, D-Neu-Isenburg, Offenbacher Str.,
6.96956,50.97961, McDonald's, D-Köln, Amsterdamer Str.,
8.39777,49.01028, McDonald's, D-Karlsruhe, Waldstr. 30,
11.46707,48.74718, McDonald's, D-Ingolstadt, Eriagstr. 1,
12.96018,48.85141, McDonald's, D-Deggendorf, Grafinger Str. 180,
9.9362,53.55152, McDonald's, D-Hamburg, Paul-Nevermann-Platz,
6.62596,51.65578, McDonald's, D-Wesel,,
11.1717,52.84111, McDonald's, D-Salzwedel, Magdeburger Str. 7a,
8.78316,52.68484, McDonald's (McDrive), D-Sulingen,,
7.59941,50.11643, McDonald's, D-Pfalzfeld, An Der Scheib 1,
6.1535,50.75932, McDonald's (McDrive), D-Aachen,,
11.00159,49.82016, McDonald's, D-Hirschaid, Industriestr. 17,
7.07671,51.55154, McDonald's, D-Gelsenkirchen, Adenauerallee,
10.40226,53.27488, McDonald's, D-Lüneburg, Bei Der Pferdehütte 1-2,
6.09043,50.76899, McDonald's, D-Aachen,,
8.76925,50.80698, McDonald's, D-Marburg, Universitätsstr. 8,
8.59811,49.67246, McDonald's, D-Bensheim, Amperestr.,
7.38081,49.25616, McDonald's, D-Zweibrücken, Landauer Str.,
8.20648,47.91837, McDonald's, D-Titisee-Neustadt, Titiseestr.,
8.57101,51.95032, McDonald's (McDrive), D-Bielefeld,,
11.5886,48.16131, McDonald's, D-München, Feilitzschstr. 13,
11.56622,48.13909, McDonald's, D-München, Karlsplatz 10,
11.30386,51.45069, McDonald's, D-Oberröblingen, An Der Wasserschlucht 10,
11.0806,49.43996, McDonald's, D-Nürnberg, Aufseßplatz/U-Bahn,
11.92348,51.48033, McDonald's, D-Halle/Neustadt, Neustädter Passage 17 (An Der Magistrale),
11.58407,48.15639, McDonald's, D-München, Leopoldstr. 17,
13.64469,52.54369, McDonald's, D-Hönow, Altlandsberger Chausee,
8.44932,49.55029, McDonald's, D-Mannheim, Frankenthaler Str.,
9.12748,54.19862, McDonald's, D-Heide, Süderdamm 4,
9.6757,50.5436, McDonald's, D-Fulda, Frankfurter Str. 8a,
13.54281,52.55343, McDonald's, D-Berlin, Bitterfelder Str.,
10.68077,47.56798, McDonald's, D-Füssen, Kemptener Str. 69b,
9.83649,51.81802, McDonald's, D-Einbeck, Hansestr. 3,
7.02398,52.0884, McDonald's, D-Ahaus, Heeker Str.,
13.30753,52.49982, McDonald's, D-Berlin-Charlottenburg, Adenauer Platz,
9.9439,53.74246, McDonald's, D-Quickborner Heide, Auf Dem Halengreben,
6.64124,49.75687, McDonald's, D-Trier, Hauptmarkt 18,
10.52229,52.16274, McDonald's, D-Wolfenbüttel, Gebrüder Welger Str. 3,
8.01042,49.10291, McDonald's (McDrive), D-Bad Bergzabern,,
13.45463,52.42958, McDonald's, D-Berlin, Johannisthaler Chaussee,
7.86361,50.79407, McDonald's, D-Betzdorf, Wilhelmstr. 110,
11.40788,53.6345, McDonald's, D-Schwerin, Grunthalplatz 3-4,
10.92385,50.69146, McDonald's, D-Ilmenau, Auf Dem Mittelfeld,
7.07354,50.90281, McDonald's, D-Köln-Porz, Rudolf-Diesel-Str. 32,
8.25183,50.06358, McDonald's, D-Wiesbaden, Mainzer Str. 99,
9.92342,53.56367, McDonald's, D-Hamburg, Stresemannstr. 354,
8.87811,51.93289, McDonald's, D-Detmold, Hornsche Str. 6,
9.93688,53.577, McDonald's, D-Hamburg, Kieler Str.,
7.59263,47.90824, McDonald's, D-Hartheim, Rastanlage Bremgarten 2,
11.47989,48.14532, McDonald's, D-München, Landsberger Str. 414,
8.60936,49.90096, McDonald's, D-Weiterstadt, Rudolf-Diesel-Str. 28,
8.04087,52.84534, McDonald's, D-Cloppenburg,,
12.94529,48.4185, McDonald's, D-Pfarrkirchen, Simbacher Str./Südeinfahrt 3,
13.31137,48.39491, McDonald's, D-Pocking, Bürgermeister-Wenig-Str. 1,
6.77597,51.37033, McDonald's, D-Duisburg, Albert-Hahn-Str.,
12.03327,51.50158, McDonald's, D-Halle, Rosenfelderstr.,
11.90716,51.46392, McDonald's, D-Angersdorf, Ernst-Thälmann-Str.,
11.66399,52.17185, McDonald's, D-Magdeburg, Körbelitzer Str. 1,
6.96299,51.75399, McDonald's, D-Dorsten, Endelner Feld,
9.61486,52.43026, McDonald's, D-Garbsen, Bremer Str. 4a,
9.68179,47.54587, McDonald's, D-Lindau, Maximilianstr. 48,
9.94739,48.46585, McDonald's, D-Dornstadt, Lerchenbergstr. 9/1,
8.74233,50.19076, McDonald's, D-Bad Vilbel, Friedberger Str. 89 A,
13.63169,51.03863, McDonald's, D-Gompitz, Gompitzer Höhe 3,
10.37837,52.05017, McDonald's, D-Salzgitter, Am Pfingstanger 20,
13.38686,52.52629, McDonald's, D-Berlin, Friedrichstr.,
7.15296,50.68605, McDonald's, D-Bonn/Bad Godesberg, Ännchenplatz 8,
8.85984,51.28026, McDonald's, D-Korbach, An Der Kuhbach,
13.41658,54.08039, McDonald's, D-Greifswald,,
9.00772,51.4892, McDonald's, D-Diemelstadt-Rhoden, Wrexer Teich 1a,
9.73781,52.375, McDonald's, D-Hannover, Andreastr. 1,
11.5654,47.74819, McDonald's, D-Bad Tölz, Demmeljochstr. 54,
8.35576,49.84688, McDonald's, D-Oppenheim, Auf Der Saar 13,
10.13294,54.31482, McDonald's, D-Kiel, Kaistr. 54,
9.19561,48.67692, McDonald's, D-Filderstadt-Bernhausen, Felix-Wankel-Str. 38,
12.97093,51.56178, McDonald's, D-Torgau, Außenring,
11.87305,50.88977, McDonald's, D-Hermsdorf, Autohof A4,
6.81341,51.09334, McDonald's, D-Dormagen, Lübecker Str. 6,
7.68188,49.43262, McDonald's, D-Kaiserslautern, Kaiserstr.,
11.42455,48.76324, McDonald's, D-Ingolstadt,,
9.99979,53.49922, McDonald's, D-Hamburg-Wilhelmsburg, Dratelnstr. 31,
8.75048,51.71731, McDonald's, D-Paderborn, Königsplatz 18,
7.2373,50.57131, McDonald's (McDrive), D-Remagen,,
7.14918,51.47427, McDonald's, D-Bochum, Stormstr. 6-8,
13.0568,52.40057, McDonald's, D-Potsdam, Brandenburger Str. 30-31,
6.17131,51.6699, McDonald's, D-Goch, Kevelaer Str.,
8.68073,50.43613, McDonald's, D-Butzbach, Griedeler Str. 177,
7.17466,51.39933, McDonald's, D-Hattingen, Kreisstr. 29a,
13.37282,52.50755, McDonald's, D-Berlin, Alte Potsdamer Str. 7 (Potsdamer Platz),
9.26377,49.70703, McDonald's (McDrive), D-Bürgstadt,,
8.49064,49.46081, McDonald's, D-Mannheim, Neckarauer Str. 58-60,
10.68542,50.64326, McDonald's, D-Zella-Mehlis, Industriestr. 1,
10.68755,53.86961, McDonald's, D-Lübeck, Breite Str. 25,
7.82625,49.92432, McDonald's, D-Waldlaubersheim, Auf Dem Stein 1 (Euro-Rastpark),
8.62482,49.64384, McDonald's, D-Heppenheim, Lorscher Str. 53a,
9.06971,49.99458, McDonald's, D-Kleinostheim, Saaläckerstr. 2b,
6.22249,50.77863, McDonald's, D-Stolberg, Eisenbahnstr. 11,
11.38923,48.77547, McDonald's, D-Ingolstadt, Am Westpark 10 (Audi-Ring),
8.02232,49.97215, McDonald's, D-Gau-Algesheim, Rheinstr.,
8.52871,48.03172, McDonald's, D-Bad Dürrheim, Carl-Friedric-Benz-Str.,
10.97728,48.27422, McDonald's, D-Mering, Hertzstr. 1/B 2,
8.62024,53.18182, McDonald's, D-Bremen, Am Rabenfeld 12-14,
6.1367,50.92032, McDonald's, D-Übach-Palenberg, Friedrich-Ebert-Str.,
13.7351,51.04318, McDonald's, D-Dresden,,
8.23851,50.08198, McDonald's, D-Wiesbaden, Kirchgasse 64,
9.94117,54.6589, McDonald's, D-Kappeln, Eckernförder Str. 9 B,
7.19013,51.50898, McDonald's, D-Bochum, Dorstener Str. 444,
7.46203,51.36219, McDonald's, D-Hagen, Am Hauptbahnhof,
10.34095,52.15318, McDonald's, D-Salzgitter, Konrad-Adenauer-Str. 81,
11.10398,49.24762, McDonald's, D-Roth, Allersberger Str. 81a,
11.51222,48.18146, McDonald's, D-München, Pelkovenstr. 27,
13.3142,52.30875, McDonald's, D-Genshagen, Brandenburgpark Parkallee 2,
10.68255,53.86635, McDonald's, D-Lübeck, Holstenstr. 20,
8.83879,47.76153, McDonald's, D-Singen (Hohentwiel),,
13.75115,54.04746, McDonald's, D-Wolgast, Am Fuchsberg 1a,
8.96076,53.05076, McDonald's, D-Bremen, Hans-Bredow-Str. (Weserpark),
11.34077,49.04301, McDonald's, D-Greding, An Der Autobahn 4,
7.27472,50.68473, McDonald's, D-Königswinter, Königswinterer Str. ; A3 As Siebengebirge,
8.11528,52.59761, McDonald's, D-Holdorf, Zum Hansacenter 4,
11.18039,54.44295, McDonald's, D-Burg A. Fehmarn, Landkirchener Weg 44,
12.34642,47.84428, McDonald's, D-Prien/Chiemsee, Am Reitbach 4,
10.72926,52.42264, McDonald's, D-Wolfsburg, Westerlinge 2,
9.17147,53.06074, McDonald's, D-Ottersberg, Dodenhof-Center,
6.08405,50.77666, McDonald's, D-Aachen, Am Markt 52-54,
6.71986,49.35686, McDonald's, D-Dillingen, Merziger Str. 85,
10.75907,48.19713, McDonald's, D-Schwabmünchen, Augsburger Str. 82,
11.14454,50.34014, McDonald's (McDrive), D-Neustadt bei Coburg,,
11.61941,50.87757, McDonald's, D-Jena, Amsterdamer Str. 2,
11.42685,47.91441, McDonald's, D-Wolfratshausen, Bahnhofstrasse 41,
13.46174,52.47117, McDonald's (McDrive), D-Berlin,,
9.69055,53.47087, McDonald's, D-Buxtehude,,
8.35596,52.19021, McDonald's, D-Melle, Industriestr. 14,
8.52509,50.12064, McDonald's, D-Sulzbach, Main-Taunus-Zentrum,
12.17619,51.34673, McDonald's, D-Günthersdorf, Saale-Park,
13.52646,48.80805, McDonald's, D-Freyung, Ort 38 ( B 12),
10.87334,47.80727, McDonald's, D-Schongau, Tannenberger Str. 1,
10.28647,47.51812, McDonald's, D-Sonthofen, Östliche Alpenstr. 24,
13.40771,52.52192, McDonald's, D-Berlin, Karl-Liebknecht-Str. 13,
11.0636,49.44817, McDonald's, D-Nürnberg, Am Plärrer 33,
12.37473,51.34317, McDonald's, D-Leipzig, Brühl,
10.23418,50.04429, McDonald's, D-Schweinfurt, Spitalstr. 1,
11.44363,48.25489, McDonald's, D-Dachau,,
6.8254,51.21705, McDonald's, D-Düsseldorf, Königsberger Str. 23,
8.37026,50.05827, McDonald's, D-Hofheim, Am Wandersmann,
7.20377,50.79479, McDonald's, D-Siegburg,,
7.1711,51.92817, McDonald's, D-Coesfeld, Dülmener Str. 106,
8.06781,52.83945, McDonald's, D-Cloppenburg, Max-Plank-Str. 1,
8.43281,49.31744, McDonald's, D-Speyer, Maximilianstr. 16/17,
7.67173,51.69802, McDonald's, D-Werne, Nordlippestr. 48,
8.743,50.12324, McDonald's, D-Frankfurt, Hanauer Landstr. 334,
13.43498,52.50953, McDonald's, D-Berlin, Am Ostbahnhof 9,
7.13614,49.26912, McDonald's, D-St. Ingbert, Südstr. 60,
8.73389,50.10703, McDonald's, D-Offenbach, Strahlenberger Str.,
8.46951,49.4796, McDonald's, D-Mannheim, Im Hauptbahnhof,
11.07775,50.97636, McDonald's, D-Erfurt, Weimarische Str.,
12.41674,48.21146, McDonald's, D-Waldkraiburg, Teplitzer Str. 26,
8.57346,52.00081, McDonald's, D-Bielefeld, Detmolder Str. 338,
13.13664,48.96507, McDonald's, D-Regen, Wieshof 1,
9.21077,48.49536, McDonald's, D-Reutlingen, Karlstr. 5,
7.00641,50.96089, McDonald's, D-Köln, Frankfurter Str. 20,
11.0692,49.70752, McDonald's, D-Forchheim, Willy-Brandt-Allee 1,
7.62371,50.68941, McDonald's, D-Altenkirchen, Kölner Str. 117,
13.24273,52.43339, McDonald's, D-Berlin,,
11.39754,50.25644, McDonald's, D-Marktrodach, Im Gries 3a,
13.55808,52.50725, McDonald's, D-Berlin,,
9.57204,48.80888, McDonald's, D-Urbach, Daimlerstr. 2,
8.87854,54.75983, McDonald's, D-Risum-Lindholm, An Der B 5,
8.15975,49.339, McDonald's, D-Neustadt, Chemnitzer Str.,
7.1978,51.61358, McDonald's, D-Recklinghausen, Breite Str. 7,
6.26373,51.83239, McDonald's, D-Leegmeer (Emmerich Am Rhein), Reeser Str.,
9.50039,53.58178, McDonald's, D-Stade, Harburger Str. 184,
8.70018,48.89237, McDonald's, D-Pforzheim, Bahnhofstr. 10,
13.53248,52.5264, McDonald's, D-Berlin, Allee Der Kosmonauten 37,
12.85298,52.75523, McDonald's, D-Dammkrug, A24 Rasthof Linumer Bruch Nord,
9.14678,48.83787, McDonald's, D-Stuttgart, Wollinstr. 6,
9.76611,48.78997, McDonald's, D-Schwäbisch Gmünd, Lorscher Str. 183,
7.28174,51.29173, McDonald's, D-Schwelm, Talstr.,
6.7838,51.21885, McDonald's, D-Düsseldorf, Graf-Adolf-Str. 56,
13.19806,52.53327, McDonald's, D-Berlin, Brunsbütteler Damm,
8.77741,53.23047, McDonald's, D-Osterholz-Scharmbeck, Am Pumpelsberg 2,
6.96146,50.91469, McDonald's, D-Köln, Koblenzer Str. 2-4,
12.13526,49.53295, McDonald's (McDrive), D-Wernberg-Köblitz,,
6.26092,50.57826, McDonald's, D-Monschau, Am Handwerkerzentrum,
8.68237,49.39744, McDonald's, D-Heidelberg, Czernyring 52/Hebelstr. 4,
13.43215,52.35785, McDonald's, D-Mahlow, Am Lückefeld,
7.91218,50.91201, McDonald's, D-Freudenberg, Brühler Höhe,
11.44025,49.28927, McDonald's (McDrive), D-Neumarkt in der Oberpfalz,,
13.57908,52.45829, McDonald's, D-Berlin, Bahnhofstr. 33/Forum Köpenick,
11.903,47.82882, McDonald's, D-Irschenberg, Rathaus 2/A 8,
9.79711,51.99318, McDonald's, D-Alfeld-Leine, Borsigstr. 1a,
11.63517,48.30615, McDonald's, D-Eching, Dieselstr.,
8.4441,49.004, McDonald's, D-Karlsruhe,,
8.54691,49.51505, McDonald's, D-Mannheim, Roßlauer Weg 2-4,
8.59798,53.57029, McDonald's, D-Bremerhaven, Stresemannstr. 293-295,
13.4571,48.57383, McDonald's, D-Passau, Bahnhofstr. 2,
8.31793,51.84315, McDonald's, D-Rheda-Wiedenbrück, Bielefelder Str. 57,
7.01556,49.22857, McDonald's, D-Saarbrücken, Mainzer Str. 159,
10.10368,53.53991, McDonald's, D-Hamburg, Möllner Landstr. 7a,
6.85089,50.91931, McDonald's, D-Köln, Dürener Str. 433,
6.95359,50.93645, McDonald's, D-Köln, Schildergasse 60-68,
8.41301,52.89604, McDonald's, D-Wildeshausen, Immelmannstr. 19,
11.03086,49.42103, McDonald's, D-Nürnberg, Röthenbach; Dombühler Str. 9,
12.7091,50.59599, McDonald's, D-Aue, Lößnitzer Str.,
6.93958,50.93671, McDonald's, D-Köln, Rudolfplatz 8-10,
6.3084,51.07625, McDonald's, D-Erkelenz, Aachener Str. 73,
6.90299,50.89261, McDonald's, D-Hürth, Luxemburger Str. 112,
10.13452,48.88353, McDonald's, D-Aalen,,
7.93009,47.55441, McDonald's, D-Bad Säckingen, Tullastr.,
13.50925,52.45647, McDonald's, D-Berlin, Schnellerstr.,
12.71425,53.5186, McDonald's, D-Waren, Strelitzer Str. 139,
8.76451,51.73101, McDonald's, D-Paderborn, Detmolder Str.,
7.83906,51.65465, McDonald's, D-Hamm, Werler Str. 313,
11.39173,53.6013, McDonald's, D-Schwerin, Grabenstr. 6,
14.42744,51.17998, McDonald's, D-Bautzen,,
12.18889,51.39938, McDonald's, D-Schkeuditz, An Der B6,
11.07244,49.45015, McDonald's, D-Nürnberg, Breite Gasse 78,
13.42893,52.5741, McDonald's, D-Berlin, Prenzlauer Promenade 102-104,
8.22267,53.14332, McDonald's, D-Oldenburg (Oldb.),,
9.6883,52.67408, McDonald's, D-Gilten, Bp Truckstop; Autohof An Der Autobahn A7,
11.60621,48.1873, McDonald's, D-München,,
9.28937,53.19305, McDonald's, D-Gyhum-Bockel, Gewerbegebiet An Der Bab1,
7.86094,48.03013, McDonald's, D-Freiburg im Breisgau,,
8.64912,50.53772, McDonald's, D-Großen Linden, Gießener Pforte/Fernlestr.,
6.91355,50.84557, McDonald's, D-Brühl, Hamburger Str. 12,
9.19056,48.69039, McDonald's, D-Stuttgart, Flughafen/Parkhaus P4,
9.51664,53.92574, McDonald's, D-Itzehoe,,
9.45265,51.30803, McDonald's, D-Kassel, Kohlenstr. 140,
11.5978,48.1357, McDonald's, D-München, Max-Planck-Str. 7,
14.31906,51.7788, McDonald's, D-Cottbus, Heinrich-Hertz-Str. 1,
13.62304,52.50413, McDonald's, D-Berlin, Alt-Mahlsdorf 59,
10.0818,52.62415, McDonald's, D-Celle, Zöllnerstr. 42,
10.08282,48.50087, McDonald's, D-Langenau, Industriegebiet,
13.20457,52.65268, McDonald's, D-Hennigsdorf, Veltener Str. 16,
13.30663,52.50663, McDonald's, D-Berlin, Kantstr. 111a,
6.95445,50.96109, McDonald's, D-Köln, Neußer Str. 204,
6.87733,51.40043, McDonald's, D-Mülheim, Kölner Str. 36,
6.46139,50.83418, McDonald's, D-Düren, Im Großen Tal 3,
9.22676,48.47464, McDonald's, D-Pfullingen, Mcdrive; Max-Eyth-Str. 16,
9.44117,48.93086, McDonald's, D-Backnang, Wanne 7,
8.71,49.41176, McDonald's, D-Heidelberg, Hauptstr. 190,
6.68772,51.20086, McDonald's, D-Neuss, Niederstr. 11,
6.95624,50.9375, McDonald's, D-Köln, Hohe Str. 84,
7.15681,51.27678, McDonald's, D-Wuppertal,,
9.22117,50.0059, McDonald's, D-Hösbach, Industriestr. 1,
6.6647,51.66276, McDonald's, D-Wesel, Schermbecker Landstr. 119,
8.03209,51.14757, McDonald's, D-Lennestadt, Elsper Str. 42,
9.71096,52.40601, McDonald's, D-Hannover-Hainholz, Schulenburger Landstr. 107,
9.7236,53.5837, McDonald's, D-Wedel, Rissener Str. 92 - 96,
6.96122,49.2326, McDonald's, D-Saarbrücken/ Burbach, Am Schanzenberg,
9.27827,51.97667, McDonald's, D-Bad Pyrmont, Siemensstr.,
8.05894,52.27226, McDonald's, D-Osnabrück, Möserstr. 10,
7.57351,51.50586, McDonald's, D-Dortmund, Schleefstr.,
7.33573,49.61168, McDonald's (McDrive), D-Baumholder,,
9.98076,54.07608, McDonald's, D-Neumünster,,
11.28836,48.564, McDonald's, D-Schrobenhausen, Mitterweg,
13.06717,52.39272, McDonald's, D-Potsdam,,
12.62948,47.85486, McDonald's, D-Traunstein, An Der Hochstr. 34,
11.89701,48.28481, McDonald's, D-Erding, Otto-Hahn-Str. 35,
7.43643,52.27756, McDonald's, D-Rheine, Bahnhofstr./Ecke Mathiasstr.,
6.85406,51.47373, McDonald's, D-Oberhausen,,
9.98722,49.79756, McDonald's, D-Würzburg, Faulenbergstr. 1,
11.57926,49.94988, McDonald's, D-Bayreuth,,
7.15769,49.4626, McDonald's, D-Sankt Wendel, August-Balthasar-Str.,
9.68295,50.55417, McDonald's, D-Fulda, Bahnhofstr. 26,
6.65618,49.77138, McDonald's (McDrive), D-Trier,,
7.01288,51.45182, McDonald's, D-Essen, Hachestr. 1,
11.0129,49.47853, McDonald's, D-Fürth, Hans-Vogel-Str. 8,
8.04128,52.2057, McDonald's, D-Georgsmarienshütte, Klöcknerstr. 14,
8.66315,50.57967, McDonald's, D-Giessen,,
7.96672,51.69576, McDonald's, D-Hamm-Uentrop, A2; Autohof; Dolberger Str.,
9.97619,53.57837, McDonald's, D-Hamburg, Grindelberg 85,
8.7801,52.2056, McDonald's, D-Löhne, Mühlenweg 37/Ecke Ringstr.,
7.91212,51.76467, McDonald's, D-Ahlen, Beckumer Str. 105,
9.07004,49.21138, McDonald's, D-Bad Rappenau, Mc´Cafe Autohof A6,
8.55564,49.14771, McDonald's, D-Karlsdorf-Neuhard, Autohof An Der A5,
10.79032,52.42734, McDonald's, D-Wolfsburg, Porschestr. 7,
13.69253,51.08516, McDonald's, D-Dresden, Elbe-Park,
11.53499,48.15232, McDonald's, D-München, Nymphenburger Str. 156,
14.45417,51.19018, McDonald's, D-Bautzen, Kreckwitzer Str. 11,
7.05594,50.63402, McDonald's, D-Meckenheim, Auf Dem Steinbüchel 4,
12.99003,47.59019, McDonald's, D-Schönau Am Königssee, Seestr. 2,
12.98723,47.59299, McDonald's, D-Schönau am Königssee,,
7.07369,51.52173, McDonald's, D-Gelsenkirchen, Grothusstr. 83,
7.84898,47.99378, McDonald's, D-Freiburg, Kaiser-Josef-Str. 252-254,
8.80843,53.07494, McDonald's, D-Bremen, Am Dom 6,
8.78239,52.67725, McDonald's, D-Sulingen, Bassumer Str.,
6.91685,50.95015, McDonald's, D-Köln, Ehrenfeldgürtel 20,
9.86433,47.59416, McDonald's, D-Lindenberg, Pfänderstr.,
6.86635,51.84748, McDonald's, D-Borken, Bahnhofstr. 26,
7.85106,50.44887, McDonald's, D-Heiligenroth, Industriestr. 20a,
11.60812,50.055, McDonald's, D-Himmelkron-Lanzendorf, Bayreuther Str. 6,
13.86666,52.55637, McDonald's, D-Strausberg, Herrenseeallee 15,
9.12272,53.4926, McDonald's, D-Bremervörde, Zeppelinstr. 6,
6.12414,50.96107, McDonald's, D-Geilenkirchen,,
10.79468,54.09995, McDonald's, D-Neustadt, Eutiner Str.,
10.22921,53.52334, McDonald's (McDrive), D-Glinde,,
6.9745,50.94064, McDonald's, D-Köln, Ottoplatz 2,
8.56429,52.0349, McDonald's, D-Bielefeld, Eckendorfer Str. 58,
11.95317,51.52245, McDonald's, D-Halle, Magdeburger Chaussee,
9.71689,48.28933, McDonald's, D-Ehingen, Albert-Einstein-Str. 10/1,
7.46656,53.47127, McDonald's, D-Aurich, Emder Str. 21,
9.97819,54.08904, McDonald's, D-Neumünster, Brückenstr. 2,
8.43973,51.88094, McDonald's, D-Gütersloh, An Der Autobahn 1,
13.43641,52.50085, McDonald's (McDrive), D-Berlin,,
7.21202,51.53188, McDonald's, D-Herne, Holsterhauser Str. 250,
7.78108,51.26266, McDonald's, D-Werdohl, Gildestr. 6b,
8.91721,50.13229, McDonald's, D-Hanau, Am Markt 5,
7.66633,49.23215, McDonald's, D-Pirmasens, Turnstr. 75,
14.26329,51.43859, McDonald's, D-Hoyerswerda,,
11.60196,49.95795, McDonald's, D-Bayreuth, Sophian-Kolb-Str. 16,
9.07615,54.48669, McDonald's, D-Husum, Flensburger Chaussee,
10.01066,53.55218, McDonald's, D-Hamburg, Adenauerallee 78/Zob,
12.66511,51.89029, McDonald's, D-Wittenberge, Berliner Chaussee 71,
9.77143,49.95618, McDonald's, D-Karlstadt, Würzburgerstr. 1,
6.68298,50.89643, McDonald's, D-Kerpen, Europaring 2,
12.15364,49.66441, McDonald's, D-92637 Weiden, Dr.-Seeling-Str. 11-17, +49 961 3881795
10.75265,50.51453, McDonald's, D-Schleusingen, Kurhausstr. 1a,
8.69664,48.45792, McDonald's, D-Horb/Neckar, Rauher Grund 2,
6.90685,49.98043, McDonald's, D-Wittlich, Kurfürstenstr.,
11.58546,48.12099, McDonald's, D-München, Regerstr. 25,
8.6633,50.10798, McDonald's, D-Frankfurt Am Main, Am Hauptbahnhof (An Gleis 22),
6.99704,50.9213, McDonald's, D-Köln, Rolshover Str.,
10.03563,48.33128, McDonald's, D-Senden, Germanenstr. 8,
11.49296,52.17572, McDonald's, D-Hohenwarsleben, Berliner Allee,
9.17676,47.65939, McDonald's, D-Konstanz, Bahnhofplatz 4,
12.38071,51.34515, McDonald's, D-Leipzig, Hauptbahnhof,
7.02401,51.43691, McDonald's, D-Essen, Eleonorastr. 12,
7.44066,51.38694, McDonald's, D-Hagen, Weststr. 3,
7.37295,51.19795, McDonald's, D-Radevormwald, Wasserturmstr. 12,
9.20686,50.91791, McDonald's, D-Schwalmstadt,,
8.77119,53.06376, McDonald's, D-Bremen,,
9.98209,53.80342, McDonald's, D-Henstedt-Ulzburg, Gutenbergstr. 5b (Zufahrt Über Real),
6.76926,51.49606, McDonald's, D-Duisburg, Duisburger Str. 236,
9.79754,52.31804, McDonald's, D-Laatzen, Karlsruher Str. 12a,
11.64596,48.10104, McDonald's, D-München, Thomas-Dehler-Str. 12,
10.31385,47.72715, McDonald's, D-Kempten, Klostersteige 15,
8.7024,53.01236, McDonald's, D-Stuhr, Am Schwarzen Moor,
11.83222,51.14578, McDonald's, D-Naumburg, Steinkreuzweg,
13.41543,48.57227, McDonald's, D-Passau, Äußere Spitalhofstr. 8,
8.92802,52.25112, McDonald's, D-Porta Westfalica, F. -A. Meyer Str. 2,
8.6646,49.5488, McDonald's, D-Weinheim, Bergstr. 31,
9.57101,50.83251, McDonald's, D-Kirchheim, Industriestr. 10,
6.99031,51.5733, McDonald's, D-Gladbeck, Hochstr. 10 (Karstadt),
10.44854,48.57494, McDonald's, D-Lauingen a.d. Donau, Werner-von-Siemensstrasse,
9.69383,49.10345, McDonald's, D-Michelfeld, Daimler Str. /An Der B14,
10.1321,54.32075, McDonald's, D-Kiel, Europaplatz,
11.00204,49.31109, McDonald's, D-Kammerstein, Aral; Autohof; An Der Autobahn 2,
11.58333,50.92848, McDonald's, D-Jena, Leutragraben,
10.95272,48.40717, McDonald's, D-Friedberg/Derching, Winterbruckenweg 55,
11.47012,48.16475, McDonald's, D-München, Verdistr. 84-88,
9.41732,52.42807, McDonald's, D-Wunstorf, An Der Nonnenwiese,
7.99758,51.33722, McDonald's, D-Sundern, Hauptstr.,
10.96526,50.25947, McDonald's, D-Coburg, Spitalgasse 18,
8.68558,50.09975, McDonald's, D-Frankfurt, Im Südbahnhof,
11.5136,51.04229, McDonald's, D-Apolda, An Der B87,
13.13572,52.37195, McDonald's, D-Potsdam,,
8.82777,52.91448, McDonald's, D-Syke,,
7.54556,52.1637, McDonald's, D-Emsdetten, Grevener Damm,
9.94082,49.76844, McDonald's, D-Würzburg-Heidingsfeld, Mergentheimerstr,
12.47631,51.3495, McDonald's, D-Leipzig, Paunsdorf-Center Paunsdorfer Allee 1,
11.71877,53.00455, McDonald's, D-Wittenberge, Lenzener Chaussee,
6.4196,51.13986, McDonald's, D-Mönchengladbach, Adolf-Kempen-Weg,
8.2803,50.67395, McDonald's, D-Herborn, Auf Den Lüppen,
9.47515,52.50395, McDonald's, D-Neustadt, Mecklenhorster Str. 13,
6.48257,50.80569, McDonald's, D-Düren, Josef-Schregel-Str. 14,
8.55664,49.5135, McDonald's, D-Mannheim,,
10.83069,51.48871, McDonald's, D-Nordhausen - Bielen, Hallesche Str./An Der B 80,
8.01596,50.87521, McDonald's, D-Siegen, Am Bahnhof 16,
13.37156,52.4698, McDonald's, D-Berlin-Tempelhof, Alboinstr. 4,
8.18738,49.55504, McDonald's, D-Kirchheim, Rosengartenweg 1,
9.94594,54.65661, McDonald's, D-Kappeln, Eckernförder Straße 9b,
7.62766,51.95792, McDonald's, D-Münster, Ludgeristr. 51,
10.13659,54.3223, McDonald's, D-Kiel, Holstenbrücke 3,
13.09223,54.08789, McDonald's (McDrive), D-Süderholz,,
10.266,47.42601, McDonald's (McDrive), D-Fischen i. Allgäu,,
9.6926,52.85157, McDonald's, D-Fallingbostel, Bockhorner Weg 7,
8.65404,53.03183, McDonald's, D-Delmenhorst, Hasporter Damm,
7.54871,51.3706, McDonald's, D-Reh-Hohenlimburg,,
7.14717,51.25917, McDonald's, D-Wuppertal, Rommelspütt 1-3,
11.00446,49.59609, McDonald's, D-Erlangen, Hugenottenplatz 1,
7.35172,49.24803, McDonald's, D-Zweibrücken, An Der A8,
10.07651,49.66446, McDonald's, D-Ochsenfurt, Marktbreiterstr. 54,
12.53282,52.43313, McDonald's, D-Brandenburg, Rathenower Landstr.,
11.77839,48.63266, McDonald's, D-Mainburg, Straßäcker 2,
8.38347,51.90835, McDonald's, D-Gütersloh, Strengerstraße 17,
11.04898,49.31931, McDonald's, D-Schwabach, Am Falbenholzweg 4,
11.69143,48.13259, McDonald's, D-München, Willy-Brandt-Platz 5; In Den Riem Arcaden,
8.57418,48.16948, McDonald's, D-Zimmern Ob Rottweil, Flözlinger Str. 57,
11.53129,48.18439, McDonald's, D-München, Hanauer Str. 83,
12.01417,48.48585, McDonald's, D-Eching-Weixerau, Strogenweg 5,
13.2328,52.52727, McDonald's, D-Berlin, Charlottenburger Chaussee,
11.75312,51.77399, McDonald's, D-Bernburg, Ernest-Solvay-Str.,
8.6988,50.04996, McDonald's, D-Neu-Isenburg, Hermesstr. 4 (Isenburg-Centrum),
7.33822,49.32151, McDonald's, D-Homburg,,
7.4233,50.4352, McDonald's, D-Andernach, Hans-Julius-Ahlmann-Str. 1,
13.3339,52.50704, McDonald's, D-Berlin, Hardenbergplatz 2-4,
7.31445,51.29837, McDonald's, D-Enneppetal, Kölner Str. 306,
9.93432,51.537, McDonald's, D-Göttingen, Weender Str. 77,
9.46519,51.35461, McDonald's, D-Vellmar, Lange Wender,
7.0199,51.27873, McDonald's, D-Wülfrath, Alte Ratinger Landstr.,
11.50385,48.0876, McDonald's, D-München, Stäblistr. 16,
14.09196,52.33366, McDonald's (McDrive), D-Fürstenwalde/Spree,,
8.53661,50.90079, McDonald's, D-Biedenkopf, Georg-Kramer-Str.,
9.21911,52.6528, McDonald's, D-Nienburg, Celler Str. 1,
12.72813,51.25542, McDonald's, D-Grimma, Hengstbergstr. 11,
12.68112,48.6784, McDonald's, D-Landau/Isar, Harburger Str. 25,
10.41019,53.24753, McDonald's, D-Lüneburg, Am Sande 3,
12.13512,54.08868, McDonald's, D-Rostock, Kröpeliner Str.,
9.36654,48.67738, McDonald's, D-Köngen, Bahnhofstr.,
12.65875,48.22612, McDonald's, D-Altötting, Mühldorfer Str. 67,
10.54878,52.98639, McDonald's, D-Uelzen, Nordallee 5,
11.72861,49.17656, McDonald's, D-Parsberg, Im Grund 2,
10.32918,49.06781, McDonald's, D-Dinkelsbühl, Luitpoldstr. 25,
13.01838,52.30281, McDonald's (McDrive), D-Michendorf,,
8.58937,53.5255, McDonald's, D-Bremerhaven, Nansenstr. 2,
9.80195,48.08432, McDonald's, D-Biberach, Leipziger Str. 39,
8.28744,50.01901, McDonald's, D-Mainz-Kastel, Boelckestr. 64,
9.23326,52.94729, McDonald's, D-Verden, Hamburger Str. 55,
12.96728,47.84236, McDonald's, D-Freilassing, Sägewerkstr. 15,
7.61826,51.95164, McDonald's, D-Münster, Weseler Str.,
10.52135,52.2654, McDonald's, D-Braunschweig, Packhofpassage 1,
7.38168,53.08387, McDonald's, D-Papenburg, Deverweg,
9.35601,52.10192, McDonald's, D-Hameln, Bäckerstr. 22,
8.30127,54.90768, McDonald's, D-Westerland/Sylt, Friedrichstr. 36,
7.45985,51.76687, McDonald's, D-Lüdinghasuen, Valve 50,
8.46565,48.06924, McDonald's, D-Villingen-Schwenningen, Milanstr. 4,
7.12726,51.59435, McDonald's, D-Herten, Herten,
8.27006,49.97136, McDonald's, D-Mainz-Hechtsheim, Curiestr. 1,
7.81533,51.68071, McDonald's, D-Hamm, Weststr. 38-40,
13.32625,52.46242, McDonald's, D-Berlin, Schloßstr. 117,
8.34377,51.65126, McDonald's, D-Lippstadt, Erwitter Str. 157a,
7.82045,47.98492, McDonald's, D-Freiburg, Baseler Str. 111-113,
13.45423,52.51481, McDonald's, D-Berlin, Frankfurter Tor 7,
13.3127,52.41962, McDonald's, D-Berlin, Ostdorfer Str. 125 A,
9.96559,48.40032, McDonald's, D-Ulm, Blaubeurer Str. 92,
10.04573,53.58896, McDonald's, D-Hamburg, Fuhlsbüttler Str. 112,
8.51305,47.96098, McDonald's, D-Donaueschingen, Carl-Benz-Str. 4,
7.28479,51.83644, McDonald's, D-Dülmen, Münster Str. 111,
9.58742,49.77098, McDonald's, D-Bettingen, Almosenberg,
9.71999,50.86161, McDonald's, D-Bad Hersfeld, An Der Haune (B 62),
13.41815,48.55683, McDonald's, D-Passau, Meraner Str. 2,
7.67599,51.38565, McDonald's, D-Iserlohn, Raiffeisenstr. 43-45,
13.11097,52.37652, McDonald's, D-Potsdam, Fritz-Zubeil-Str. 95,
12.15173,48.53646, McDonald's, D-Landshut, Altstadt 88,
10.96461,49.58429, McDonald's, D-Erlangen, Gundstr. 4,
9.24662,52.23417, McDonald's, D-Auetal-Rehren, Altes Feld/A2,
13.73744,51.63655, McDonald's, D-Finsterwalde/Massen, Ludwig-Erhard-Str. 1,
12.50126,50.7065, McDonald's, D-Zwickau, Oskar-Arnold-Str.,
7.01472,51.45737, McDonald's, D-Essen, Porscheplatz 24/City Center,
9.73387,52.37552, McDonald's, D-Hannover, Georgstr. 9,
9.4128,52.33338, McDonald's, D-Barsinghausen, Kronskamp 1,
9.03097,48.70337, McDonald's, D-Sindelfingen, Tilsiter Str. 15,
7.00365,51.16145, McDonald's, D-Solingen, Bahnstr. 26,
8.02444,52.29082, McDonald's, D-Osnabrück, Pagenstecherstr. 72,
11.32592,50.99097, McDonald's, D-Weimar,,
11.51353,48.09778, McDonald's, D-München,,
9.12331,51.1322, McDonald's (McDrive), D-Bad Wildungen,,
11.74965,51.77378, McDonald's, D-Bernburg, Ernest-Solvay-Str.,
6.54071,51.34751, McDonald's, D-Krefeld, Birkschenweg,
12.22194,48.04899, McDonald's, D-Wasserburg, Alkorstr.,
6.77952,51.23712, McDonald's, D-Düsseldorf, Duisburger Str. 2,
9.66772,49.62286, McDonald's, D-Tauberbischofsheim, Mergentheimer Str. 10,
10.51908,52.28008, McDonald's, D-Braunschweig, Hamburger Str. 262,
9.23161,48.84143, McDonald's, D-Stuttgart, Aldinger Str. 76,
10.03379,47.68944, McDonald's, D-Isny, Lindauer Str. 45,
10.44022,48.41207, McDonald's, D-Jettingen-Scheppach, Robert-Bosch-Str. 12,
6.41534,51.37756, McDonald's, D-Kempen, Otto-Schott-Str. 15,
10.10048,54.31293, McDonald's, D-Kiel, Citti-Park,
8.85605,51.94635, McDonald's, D-Detmold, Hansaweg 2a,
8.21618,52.8109, McDonald's, D-Schneiderkrug, An Der Autobahn,
6.95919,50.94335, McDonald's, D-Köln, Hauptbahnhof Breslauer Platz,
8.4551,49.47749, McDonald's, D-Ludwigshafen, Walzmühle/Ekz,
12.18637,51.60822, McDonald's, D-Glebitzsch, A9 Rasthof Köckern Ost,
9.86796,52.16003, McDonald's, D-Giesen, Bahnhofstr. 98,
6.11747,50.79073, McDonald's, D-Aachen, Jülicher Str. 342-352,
11.48524,51.76775, McDonald's, D-Aschersleben, Güstener Str. 21,
8.25779,53.11916, McDonald's, D-Oldenburg, Bremer Heerstr. 297,
8.91572,49.87172, McDonald's, D-Groß Umstadt, Georg-August-Zinn-Str. 100 A,
10.55223,50.92193, McDonald's, D-Laucha, Über Der Großen Wiese,
8.568,53.57926, McDonald's, D-Bremerhaven, Bürgermeister-Smidt-Str. 27,
12.1203,50.16812, McDonald's, D-Selb, Weißenbacher Str.,
10.58427,49.57769, McDonald's, D-Neustadt A.D. Aisch, Karl-Eibl-Str. 41,
13.08562,52.53139, McDonald's, D-Dallgow-Döberitz,,
9.72795,47.5486, McDonald's (McDrive), D-Lindau (Bodensee),,
10.06845,49.18115, McDonald's, D-Satteldorf-Crailsheim, Marco-Polo-Str. 1 (An Der A 6),
13.08461,54.09235, McDonald's, D-Gewerbegebiet Pommerndreieck,,
7.00691,50.97654, McDonald's, D-Köln, Mülheimer Zubringer 142,
13.69646,52.8419, McDonald's, D-Finowfurt, An Der B167,
11.82863,53.4177, McDonald's, D-Parchim, Am Sportplatz 17-19,
6.79206,51.22002, McDonald's, D-Düsseldorf, Im Bahnhof; Konrad-Adenauer-Platz,
8.44382,49.48471, McDonald's, D-Ludwigshafen am Rhein,,
9.57547,54.53065, McDonald's, D-Schleswig, Schleidörfer Str. 1a,
7.12897,51.25144, McDonald's, D-Wuppertal,,
6.78413,49.28571, McDonald's, D-Bous, Saarbrücker Str. 197a,
8.74035,51.71347, McDonald's, D-Paderborn,,
8.34831,51.67076, McDonald's, D-Lippstadt, Rixbecker Str. 2/Bahnhofstr.,
8.4299,49.98478, McDonald's, D-Rüsselsheim, Adam-Opelstr. 49,
9.53995,51.29743, McDonald's, D-Kassel, Leipziger Str. 289,
13.41552,52.52247, McDonald's, D-Berlin,,
8.77943,51.06015, McDonald's, D-Frankenberg, Ruhrstr. 17,
10.11744,50.00307, McDonald's, D-Werneck, Gewerbegebiet Eschenbach,
12.48647,51.1154, McDonald's, D-Borna, Am Wilhelmschacht 21,
12.06352,54.13365, McDonald's, D-Rostock, An Der Stadtautobahn B103,
6.56498,51.33355, McDonald's, D-Krefeld, Rheinstr. 94,
9.7351,52.41286, McDonald's, D-Hannover, Vahrenwalder Str. 250,
8.45051,49.4808, McDonald's, D-Ludwigshafen, Wredestr.,
10.02677,53.57021, McDonald's, D-Hamburg, Mundsburger Damm 67,
13.48945,51.16495, McDonald's, D-Meißen, Fabrikstr.,
13.23848,52.39488, McDonald's, D-Teltow, Potsdamer Str. 2,
12.85316,52.75309, McDonald's, D-Dammkrug, A24 Rasthof Linumer Bruch Süd,
11.8687,52.61854, McDonald's, D-Stendal, Arneburger Str.,
12.37438,51.33974, McDonald's, D-Leipzig, Petersstr. 10,
13.16078,52.41999, McDonald's, D-Berlin, Königstr.,
9.39769,50.64253, McDonald's, D-Lauterbach, Umgehungsstr. 37,
8.05848,52.20577, McDonald's, D-Klöcknerstr,,
8.27742,51.34938, McDonald's, D-Meschede,,
8.36104,49.64961, McDonald's, D-Worms, Dr. -Otto-Röhm-Str. 3,
10.99105,49.47318, McDonald's, D-Fürth, Rudolf-Breitscheid-Str. 15,
10.99537,51.00798, McDonald's, D-Erfurt,,
11.03958,51.88402, McDonald's, D-Halberstadt, Schubertstr.,
10.29315,50.99367, McDonald's, D-Eisenach, Kasseler Str.,
8.64521,50.58062, McDonald's, D-Giessen,,
7.58999,50.34953, McDonald's, D-Koblenz,,
6.5195,51.26989, McDonald's, D-Willich, Halskestr. 1,
8.62538,52.32205, McDonald's, D-Lübbecke, Thyssenstr. 11,
9.13375,50.2029, McDonald's, D-Gründau, Rudolf-Walter-Str.,
13.3936,54.0727, McDonald's, D-Greifswald, An Der Thronpost 1,
10.16635,48.6911, McDonald's, D-Heidenheim, Nördlinger Str.,
13.53076,52.51024, McDonald's, D-Berlin, Alt-Friedrichsfelde 61,
9.68771,52.67448, McDonald's, D-Buchholz, An der Autobahn 2A,
12.3021,51.82389, McDonald's, D-Mildensee, Oranienbaumer Chaussee,
6.78023,50.79555, McDonald's, D-Erftstadt, An Der Patria,
9.17381,48.82121, McDonald's, D-Stuttgart, Heilbronner Str.,
6.66461,50.22258, McDonald's, D-Gerolstein, Brunnenstr.,
8.57282,49.52748, McDonald's, D-Viernheim, Heidelberger Str. 11,
8.22984,53.17156, McDonald's (McDrive), D-Oldenburg (Oldb.),,
10.03779,47.87965, McDonald's, D-Aichstetten, Am Waizenhof 8,
6.7598,49.28937, McDonald's, D-Saarlouis-Lisdorf, Provinzialstr.,
8.16657,53.16021, McDonald's, D-Oldenburg, Ammerländer Heerstr.,
9.22606,49.17836, McDonald's, D-Neckarsulm, Heiner-Fleischmann-Str. 1/1,
8.6926,49.40818, McDonald's, D-Heidelberg, Rohrbacher Str. 3,
8.7294,48.54502, McDonald's, D-Nagold, Haiterbacher Str. 68,
10.94267,51.8065, McDonald's, D-Blankenburg, Lerchenbreite 48,
12.12309,49.02726, McDonald's, D-Regensburg, Vilsstr. 27,
12.12537,47.84681, McDonald's, D-Rosenheim, Klepperstr. 20,
9.28225,48.81634, McDonald's, D-Fellbach, Bühlstr. 135,
7.50273,50.44327, McDonald's, D-Neuwied, Junkerstücke 4,
7.27045,50.38228, McDonald's, D-Mendig, An Der B262,
7.4945,51.50354, McDonald's, D-Dortmund, Westfahlendamm 102,
9.0712,48.51348, McDonald's, D-Tübingen, Reutlinger Str. 70,
7.98738,52.40477, McDonald's, D-Bramsche, Osnabrücker Str. 2,
12.25897,51.66566, McDonald's, D-Wolfen, Krondorfer Str.,
7.37309,50.43608, McDonald's, D-Andernach, Hans-Julius-Ahlmann-Str. 1,
7.04105,51.2056, McDonald's, D-Haan, Bollenheide,
9.24152,50.73307, McDonald's, D-Alsfeld, Rasthof Pfefferhöhe,
13.46506,52.43624, McDonald's, D-Berlin, Rudower Str. 100,
8.03694,48.64132, McDonald's, D-Achern, Am Achener See 4,
6.50849,50.78109, McDonald's, D-Düren, Rudolf-Diesel-Str. 3,
9.79141,50.96271, McDonald's, D-Bebra, Gottlieb-Daimler-Str.,
12.49071,48.63816, McDonald's, D-Dingolfing, Laaber Str. 4,
13.45824,52.49111, McDonald's, D-Berlin, Treptower Park,
10.87283,49.91754, McDonald's, D-Hallstadt, Emil-Kemmer-Str.,
7.93232,53.25234, McDonald's, D-Westerstede, Ammerlandallee,
13.88282,53.30411, McDonald's, D-Prenzlau, Angermünder Str. 7,
11.58267,48.13351, McDonald's, D-München, Zweibrückenstr.,
8.54923,50.10106, McDonald's, D-Frankfurt, Königsteiner Str. 4,
7.47374,51.35782, McDonald's, D-Hagen, Mittelstr. 28,
8.95206,47.74405, McDonald's, D-Radolfszell, Robert-Gerwig-Str. 27,
13.5424,52.54263, McDonald's, D-Berlin,,
9.05793,48.52174, McDonald's, D-Tübingen, Am Lustnauer Tor 2,
9.75325,50.68898, McDonald's, D-Hünfeld, Carl-Zeiss-Str. 4,
11.9166,49.71607, McDonald's, D-Grafenwoehr, Neue Amberger Strasse 109, +49 9641 9260210
9.39654,54.77337, McDonald's, D-Flensburg,,
9.77341,52.2629, McDonald's, D-Pattensen, Johann-Koch-Str. 2 (Walmart),
10.67757,53.84854, McDonald's, D-Lübeck, Geniner Str. 133-135,
7.60401,47.80711, McDonald's, D-Müllheim, Schliengener Str. 22,
9.95229,49.79889, McDonald's, D-Würzburg, Nürnbergerstr Im Walmart,
8.76865,50.83176, McDonald's, D-Marburg, Afföllerstr. 102,
7.58446,48.02416, McDonald's, D-Breisach, Zur Rheinbrücke 23,
6.90149,50.95731, McDonald's, D-Köln, Venloer Str. 624,
12.17376,48.97164, McDonald's, D-Obertraubling, An Der B 15,
11.15261,47.85298, McDonald's, D-Weilheim, Münchner Str. 69,
6.61477,51.83522, McDonald's, D-Bocholt, Neutorplatz 4 (Ekz),
13.33361,52.50437, McDonald's, D-Berlin, Kurfürstendamm 11,
8.95138,48.47981, McDonald's, D-Rottenburg, Wilhelm-Maybach-Str. 9,
8.69567,49.27494, McDonald's, D-Rauenberg, Hohenaspen 38,
12.08744,54.17852, McDonald's, D-Warnemünde, Am Strom 87,
13.59918,52.59564, McDonald's, D-Blumberg, Mcdonaldstr.,
6.21606,51.05292, McDonald's, D-Hückelhoven, Roermonder Str. 20,
8.89311,49.24249, McDonald's, D-Sinsheim, Neulandstr. 37,
10.84061,48.37683, McDonald's, D-Stadtbergen, Daimlerstr. 5,
7.18624,53.60295, McDonald's, D-Norden-Norddeich, Nordeicherstr.,
9.4681,51.20228, McDonald's, D-Guxhagen, Robert-Bosch-Str. 13,
11.0957,53.50053, McDonald's, D-Wittenburg, Rudolf-Diesel-Str.,
8.69704,50.13815, McDonald's, D-Frankfurt, Friedberger Landstr. 291,
6.8652,51.48366, McDonald's, D-Oberhausen, Mülheimerstr. 22-24,
8.7243,51.70512, McDonald's, D-Paderborn, Frankfurter Weg,
6.62893,51.83201, McDonald's, D-Bocholt, Im Königesch 5,
6.97552,51.484, McDonald's, D-Essen, Bottroper Str. 301,
14.35583,51.55917, McDonald's, D-Spremberg, An Der Lusatia 25,
8.84425,53.04592, McDonald's, D-Bremen, Borgwardstr. 1,
6.07696,50.83485, McDonald's, D-Herzogenrath, Roermonder Str. 194,
11.40509,53.65164, McDonald's, D-Schwerin, Wismarsche Str. 378,
7.75296,51.45098, McDonald's, D-Menden, Hämmerstr. 1,
12.49376,50.71876, McDonald's, D-Zwickau,,
10.50712,48.04577, McDonald's, D-Mindelheim, Allgäuer Str.,
8.21345,53.1427, McDonald's, D-Oldenburg, Lange Str. 7,
13.04908,54.32013, McDonald's, D-Stralsund, Grünhufer Bogen,
7.59271,50.35755, McDonald's, D-Koblenz, Schloßstr. 46-48,
10.44441,51.91335, McDonald's, D-Goslar, Peter-Henlein-Str. 1,
9.01586,51.72025, McDonald's, D-Bad Driburg, Dringenberger Str. 91,
11.56267,48.21326, McDonald's, D-München,,
13.36381,54.11735, McDonald's, D-Neuenkirchen, Marktflecken 3,
8.78565,47.9655, McDonald's, D-Tuttlingen, Dornierstr. 47,
11.77868,50.20239, McDonald's (McDrive), D-Münchberg,,
7.70618,49.44624, McDonald's, D-Kaiserslautern, Opelkreisel,
10.09069,53.5872, McDonald's, D-Hamburg, Friedrich-Ebert-Damm 102,
12.11002,48.99313, McDonald's, D-Regensburg, Franz-Hartl-Str. 8,
8.67886,50.1141, McDonald's, D-Frankfurt, Biebergasse,
14.23596,51.42762, McDonald's, D-Hoyerswerda, Neidaer Str.,
11.7583,47.68539, McDonald's, D-Rottach Weissach, Tegernseerstr. 102,
6.77629,51.22655, McDonald's, D-Düsseldorf, Neustr. 16,
13.27416,52.45896, McDonald's, D-Berlin, Clayallee 121,
12.61034,48.8841, McDonald's, D-Straubing, Ittlinger Str. 190,
10.88168,48.39692, McDonald's, D-Augsburg, Donauwörther Str. 193,
6.62141,49.7392, McDonald's, D-Trier, In Den Moselauen 2,
6.75202,51.56309, McDonald's, D-Dinslaken, Karl-Heinz-Klingen-Str. 92,
10.89685,48.28945, McDonald's, D-Königsbrunn, Haunstetter Str. 21,
10.86657,48.06308, McDonald's, D-Landsberg, Augsburger Str. 66,
9.17739,48.77564, McDonald's, D-Stuttgart, Schulstr. 5,
8.62697,53.16824, McDonald's, D-Bremen, Haven Höft/Hermann Fortmann Str.,
10.22123,54.28602, McDonald's, D-Raisdorf, Dieselstr. 4,
7.37719,51.12133, McDonald's, D-Wipperfürth, Lenneper Str. 63,
8.13587,49.74721, McDonald's, D-Alzey, Industriestr. 32,
8.8111,53.08147, McDonald's, D-Bremen, Bahnhofstr. 28-31,
8.86078,50.13053, McDonald's, D-Maintal, Wilhelm-Röntgen-Str. 24-26,
9.51277,53.91979, McDonald's, D-Itzehoe, Am Brookhafen 6,
9.98981,51.69243, McDonald's, D-Northeim, Von-Menzel-Str. 6,
7.09751,50.73304, McDonald's, D-Bonn, Poststr. 12,
7.18723,50.88534, McDonald's, D-Rösrath, Otto-Brenner-Str. 2 (Gewerbegebiet Scharrenbroich),
11.98633,51.47796, McDonald's, D-Halle, Bahnhofsplatz 1 (Hbf),
8.4741,53.50373, McDonald's, D-Nordenham, An Der Sielbrücke 3,
10.57179,49.30031, McDonald's, D-Ansbach, Maximilianstr. 3,
7.05354,50.91173, McDonald's, D-Köln, Edmund-Rumpler-Str.,
10.45315,51.22263, McDonald's, D-Mühlhausen, Ammersche Landstr. 146,
9.6234,47.79253, McDonald's, D-Ravensburg, Gartenstr. 92,
11.33356,48.22481, McDonald's, D-Olching, Geiselbullacher Strasse 3,
6.99823,51.4614, McDonald's, D-Essen, Hans-Böckler-Str.,
13.30756,52.63515, McDonald's, D-Glienicke, Nohlstr. 31-32,
7.33704,51.43914, McDonald's, D-Witten, Ruhrstr. 1,
9.13516,48.95307, McDonald's, D-Bietigheim-Bissingen, Stuttgarter Str. 74,
10.2472,49.17204, McDonald's, D-Schnelldorf-Hilpertsweiler, Autohof An Der A7,
6.59053,51.32789, McDonald's, D-Krefeld, Dießemer Bruch 98,
7.51186,50.39763, McDonald's, D-Mülheim-Kärlich, Industriestr. 64,
12.78243,52.16053, McDonald's, D-Linthe, Autohof A9,
10.97195,48.3572, McDonald's, D-Friedberg, Hans-Seemüller-Str. 3,
9.82133,52.29642, McDonald's, D-Laatzen, Kieler Str. 12,
12.06602,50.90849, McDonald's, D-Gera, Siemensstr. 55,
7.56286,49.41901, McDonald's (McDrive), D-Ramstein-Miesenbach,,
